SQ_CANDIDATO;NM_CANDIDATO;NM_UE_x;DS_CARGO;SG_PARTIDO;DS_TIPO_BEM_CANDIDATO;DS_BEM_CANDIDATO;VR_BEM_CANDIDATO
250001931763;LUIS OTAVIO CORREA VIEIRA;BOITUVA;VEREADOR;PSD;OUTROS BENS E DIREITOS;SÓCIO PROPRIETÁRIO DE EMPRESA;500,00
250001931763;LUIS OTAVIO CORREA VIEIRA;BOITUVA;VEREADOR;PSD;OUTROS BENS E DIREITOS;NUMERÁRIO EM MEU PODER;23500,00
250001931763;LUIS OTAVIO CORREA VIEIRA;BOITUVA;VEREADOR;PSD;OUTROS BENS E DIREITOS;FINANCIAMENTO MOTO YAMAHA ANO 2023;3780,00
250001931763;LUIS OTAVIO CORREA VIEIRA;BOITUVA;VEREADOR;PSD;Caderneta de poupança;NUMERÁRIO EM MEU PODER ;4158,30
250001931763;LUIS OTAVIO CORREA VIEIRA;BOITUVA;VEREADOR;PSD;Veículo automotor terrestre: caminhão, automóvel, moto, etc.;MOTO YAMAHA ANO 2023;23990,00
250001931579;CARLOS FERREIRA DOS SANTOS;BOITUVA;VEREADOR;CIDADANIA;Casa;imovel residencial;900000,00
250002139311;LUCAS VICENTE LOPES NETTO;BOITUVA;VEREADOR;MDB;Apartamento;Apartamento;200000,00
250002139315;ROSEMARY BARROS SILVA;BOITUVA;VEREADOR;MDB;Veículo automotor terrestre: caminhão, automóvel, moto, etc.;1 Carro Onix Chevrolet;47000,00
250002138896;ARÃµO AMORIM DOS SANTOS;BOITUVA;VEREADOR;AVANTE;Veículo automotor terrestre: caminhão, automóvel, moto, etc.;MOTO YAMAHA NEO AT 115;6000,00
250002138885;JEFFERSON COVRE;BOITUVA;VEREADOR;AVANTE;Veículo automotor terrestre: caminhão, automóvel, moto, etc.;Automovel Chevrolet - Onix ACT ano modelo 2019;68000,00
250002130883;JOSÃµ MARIA CANCIAN;BOITUVA;VEREADOR;PSB;Depósito bancário em conta corrente no País;Saldo em conta - Banco Itaú;1900,00
250001931858;FERNANDO RIBEIRO NEVES;BOITUVA;VEREADOR;PP;Veículo automotor terrestre: caminhão, automóvel, moto, etc.;carro celta;20000,00
250001931858;FERNANDO RIBEIRO NEVES;BOITUVA;VEREADOR;PP;Casa;chacara com uma casa;350000,00
250001931368;LUIZ CRISPIM DA SILVA;BOITUVA;VEREADOR;UNIÃµO;Crédito decorrente de empréstimo;CREDITO CONCEDIDO A PESSOA FISICA ;90000,00
250001931368;LUIZ CRISPIM DA SILVA;BOITUVA;VEREADOR;UNIÃµO;Outros bens imóveis;PREDIO NO BAIRRO RESIDENCIAL ÁGUA BRANCA;439632,00
250001931368;LUIZ CRISPIM DA SILVA;BOITUVA;VEREADOR;UNIÃµO;Outros bens imóveis;IMÓVEL NO BAIRRO RESIDENCIAL NOVO MUNDO;356000,00
250001931368;LUIZ CRISPIM DA SILVA;BOITUVA;VEREADOR;UNIÃµO;Outros bens imóveis;IMÓVEL NO BAIRRO RESIDENCIAL NOVO MUNDO;683598,23
250001931368;LUIZ CRISPIM DA SILVA;BOITUVA;VEREADOR;UNIÃµO;Outros bens imóveis;IMÓVEL NO BAIRRO RESIDENCIAL NOVO MUNDO;778000,00
250001931368;LUIZ CRISPIM DA SILVA;BOITUVA;VEREADOR;UNIÃµO;Quotas ou quinhões de capital;QUOTAS OU QUINHÕES DE EMPRESA;10000,00
250001931368;LUIZ CRISPIM DA SILVA;BOITUVA;VEREADOR;UNIÃµO;Depósito bancário em conta corrente no País;NUMERÁRIO EM CONTA BANCÁRIA;10,00
250001931368;LUIZ CRISPIM DA SILVA;BOITUVA;VEREADOR;UNIÃµO;Terreno;UM LOTE DE TERRENO NO ESTADO DE GOIAS ;268000,00
250001931368;LUIZ CRISPIM DA SILVA;BOITUVA;VEREADOR;UNIÃµO;Terreno;UM LOTE DE TERRENO  NO BAIRRO RESIDENCIAL NOVO MUNDO;150000,00
250001931368;LUIZ CRISPIM DA SILVA;BOITUVA;VEREADOR;UNIÃµO;Terreno;UM LOTE DE TERRENO NO ESTADO DE GOIAS;204000,00
250001931368;LUIZ CRISPIM DA SILVA;BOITUVA;VEREADOR;UNIÃµO;Terreno;UM LOTE DE TERRENO NO ESTADO DE GOIAS;256000,00
250001931368;LUIZ CRISPIM DA SILVA;BOITUVA;VEREADOR;UNIÃµO;Terreno;UM LOTE DE TERRENO NO ESTADO DE GOIAS;300000,00
250001931368;LUIZ CRISPIM DA SILVA;BOITUVA;VEREADOR;UNIÃµO;Terreno;UM LOTE DE TERRENO NO ESTADO DE GOIAS;250000,00
250001931704;TIAGO JOSE LEME LISBOA;BOITUVA;VEREADOR;PODE;Veículo automotor terrestre: caminhão, automóvel, moto, etc.;Um automovel ;8500,00
250001931704;TIAGO JOSE LEME LISBOA;BOITUVA;VEREADOR;PODE;Veículo automotor terrestre: caminhão, automóvel, moto, etc.;Um mota ;7000,00
250001931704;TIAGO JOSE LEME LISBOA;BOITUVA;VEREADOR;PODE;Casa;uma casa localizada na cidade de Boituva;270000,00
250001931692;LUIS GUSTAVO JUREMA FERREIRA;BOITUVA;VEREADOR;PODE;Casa;Aquisição de um imovel na planta na cidade de Boituva;21596,22
250001931766;ODAIR LOPES DE ALENCAR;BOITUVA;VEREADOR;PSD;OUTROS BENS E DIREITOS;PROPRIETÁRIO DE COMÉRCIO  EM BOITUVA;2500,00
250001931766;ODAIR LOPES DE ALENCAR;BOITUVA;VEREADOR;PSD;Depósito bancário em conta corrente no País;NUMERÁRIO EM MEU PODER;23873,12
250001931371;ADILSON APARECIDO LEITE;BOITUVA;VEREADOR;UNIÃµO;Outros bens imóveis;Chacara ;100000,00
250001931371;ADILSON APARECIDO LEITE;BOITUVA;VEREADOR;UNIÃµO;Veículo automotor terrestre: caminhão, automóvel, moto, etc.;HONDA CIVIC 2008;25000,00
250001931371;ADILSON APARECIDO LEITE;BOITUVA;VEREADOR;UNIÃµO;Veículo automotor terrestre: caminhão, automóvel, moto, etc.;GOL 2012;15000,00
250001931863;BYVAR CAVALCANTE DE ARAUJO;BOITUVA;VEREADOR;PP;Terreno;boituva;57000,00
250001931666;EUSÃµBIO RAIMUNDO FRANÃµA;BOITUVA;VEREADOR;SOLIDARIEDADE;Outros fundos;Conta Corrente no banco Bradesco ;1,00
250001931666;EUSÃµBIO RAIMUNDO FRANÃµA;BOITUVA;VEREADOR;SOLIDARIEDADE;Outros fundos;Conta Corrente no Banco Sicoob;2549,33
250001931666;EUSÃµBIO RAIMUNDO FRANÃµA;BOITUVA;VEREADOR;SOLIDARIEDADE;Caderneta de poupança;Poupança no banco Bradesco;479,87
250001931666;EUSÃµBIO RAIMUNDO FRANÃµA;BOITUVA;VEREADOR;SOLIDARIEDADE;Outras aplicações e Investimentos;Capital Social;395,33
250001931666;EUSÃµBIO RAIMUNDO FRANÃµA;BOITUVA;VEREADOR;SOLIDARIEDADE;Aplicação de renda fixa (CDB, RDB e outros);Aplicação no banco Bradesco ;22597,01
250001931666;EUSÃµBIO RAIMUNDO FRANÃµA;BOITUVA;VEREADOR;SOLIDARIEDADE;Aplicação de renda fixa (CDB, RDB e outros);Aplicação no Ourocap;50,00
250001931666;EUSÃµBIO RAIMUNDO FRANÃµA;BOITUVA;VEREADOR;SOLIDARIEDADE;Aplicação de renda fixa (CDB, RDB e outros);Bradesco Previdencia ;19700,00
250001931757;FRANCISCO LUCIELTON MARTINS;BOITUVA;VEREADOR;PSD;Crédito decorrente de empréstimo;CONSIGNADO ;11000,00
250001931757;FRANCISCO LUCIELTON MARTINS;BOITUVA;VEREADOR;PSD;Crédito decorrente de empréstimo;CONSIGNADO ;8969,06
250001931757;FRANCISCO LUCIELTON MARTINS;BOITUVA;VEREADOR;PSD;Crédito decorrente de empréstimo;CONSIGNADO ;9000,12
250001931757;FRANCISCO LUCIELTON MARTINS;BOITUVA;VEREADOR;PSD;Outros bens imóveis;50% DE IMÓVEL NO MUNICÍPIO DE BOITUVA/SP;150000,00
250001931757;FRANCISCO LUCIELTON MARTINS;BOITUVA;VEREADOR;PSD;Depósito bancário em conta corrente no País;NUMERÁRIO EM MEU PODER;25000,00
250001931757;FRANCISCO LUCIELTON MARTINS;BOITUVA;VEREADOR;PSD;Veículo automotor terrestre: caminhão, automóvel, moto, etc.;INFORMADO POR CNPJ ;25000,00
250001931757;FRANCISCO LUCIELTON MARTINS;BOITUVA;VEREADOR;PSD;Veículo automotor terrestre: caminhão, automóvel, moto, etc.;VEÍCULO;40000,00
250001931713;MARCOS REGINALDO CALDEIRA;BOITUVA;VEREADOR;REPUBLICANOS;OUTROS BENS E DIREITOS;CAPITAL SOCIAL DE EMPRESA;2000,00
250001931713;MARCOS REGINALDO CALDEIRA;BOITUVA;VEREADOR;REPUBLICANOS;Terreno;TERRENO CIDADE DE BOITUVA;61000,00
250001931713;MARCOS REGINALDO CALDEIRA;BOITUVA;VEREADOR;REPUBLICANOS;Aplicação de renda fixa (CDB, RDB e outros);TITULO CAPITALIZAÇÃO;1308,72
250001931868;DAVID MACHADO;BOITUVA;VEREADOR;PP;Depósito bancário em conta corrente no País;saldo em conta;114,00
250001931868;DAVID MACHADO;BOITUVA;VEREADOR;PP;Depósito bancário em conta corrente no País;saldo em conta;24,70
250001931868;DAVID MACHADO;BOITUVA;VEREADOR;PP;Veículo automotor terrestre: caminhão, automóvel, moto, etc.;carro;3964,00
250002139309;KARIN COMPORTO SILVA;BOITUVA;VEREADOR;MDB;Casa;50 % de um (1) imovel;90628,52
250002138883;ÃµDERSON APARECIDO JOAQUIM PANTOJO;BOITUVA;VEREADOR;AVANTE;Veículo automotor terrestre: caminhão, automóvel, moto, etc.;Moto Honda Twister amarela 2008;8527,00
250002130378;ERIK LUIZ LOPES CARDOSO;BOITUVA;VEREADOR;PL;Casa;Imóvel no Residencial Vitiello - Boituva/SP;250000,00
250002130377;IRANI APARECIDA MARSON;BOITUVA;VEREADOR;PL;Veículo automotor terrestre: caminhão, automóvel, moto, etc.;Ford Ka 2018;30000,00
250002130377;IRANI APARECIDA MARSON;BOITUVA;VEREADOR;PL;Caderneta de poupança;Saldo em conta - Banco Itaú;27454,23
250002130377;IRANI APARECIDA MARSON;BOITUVA;VEREADOR;PL;Caderneta de poupança;Saldo em conta - Banco do Brasil;266,17
250002130377;IRANI APARECIDA MARSON;BOITUVA;VEREADOR;PL;Consórcio não contemplado;Consórcio Ademicon;807,36
250002130377;IRANI APARECIDA MARSON;BOITUVA;VEREADOR;PL;Depósito bancário em conta corrente no País;Capital Social - Sicoob ;3018,61
250002130377;IRANI APARECIDA MARSON;BOITUVA;VEREADOR;PL;Depósito bancário em conta corrente no País;Saldo em conta corrente - Banco do Brasil;1880,92
250002130377;IRANI APARECIDA MARSON;BOITUVA;VEREADOR;PL;Aplicação de renda fixa (CDB, RDB e outros);Aplicação - Banco Itaú;168806,48
250002130377;IRANI APARECIDA MARSON;BOITUVA;VEREADOR;PL;Casa;Imóvel no bairro Jardim Santa Cruz - Boituva/SP;250000,00
250002130388;JULIANA MARINEIDE GOUVEIA DA SILVA;BOITUVA;VEREADOR;PL;Veículo automotor terrestre: caminhão, automóvel, moto, etc.;Parati - 1995;18500,00
250001931320;JOSÃµ APARECIDO NESTAL;BOITUVA;VEREADOR;PRD;Terreno;LOTE DE TERRENO ;225000,00
250001931582;MARTINA DE LOURDES NOGUEIRA SIMÃµO;BOITUVA;VEREADOR;CIDADANIA;OUTROS BENS E DIREITOS;HERANÇA;27500,00
250001931582;MARTINA DE LOURDES NOGUEIRA SIMÃµO;BOITUVA;VEREADOR;CIDADANIA;Aplicação de renda fixa (CDB, RDB e outros);aplicação financeira BB;27500,00
250001931662;GISELE ALVES DOS SANTOS;BOITUVA;VEREADOR;SOLIDARIEDADE;Veículo automotor terrestre: caminhão, automóvel, moto, etc.;Onix 2024;103085,00
250001931662;GISELE ALVES DOS SANTOS;BOITUVA;VEREADOR;SOLIDARIEDADE;Casa;Imovel residencial na cidade de Boituva;320000,00
250001931760;MARIA CECILIA PACHECO;BOITUVA;VEREADOR;PSD;OUTROS BENS E DIREITOS;CAPITAL SOCIAL DE COOPERATIVA ;127,91
250001931760;MARIA CECILIA PACHECO;BOITUVA;VEREADOR;PSD;OUTROS BENS E DIREITOS;CONSÓRCIO RENAULT ;11015,24
250001931760;MARIA CECILIA PACHECO;BOITUVA;VEREADOR;PSD;OUTROS BENS E DIREITOS;EMPRÉSTIMO FINANCEIRO;10224,72
250001931760;MARIA CECILIA PACHECO;BOITUVA;VEREADOR;PSD;Caderneta de poupança;NUMERÁRIO EM MEU PODER ;33757,86
250001931760;MARIA CECILIA PACHECO;BOITUVA;VEREADOR;PSD;Depósito bancário em conta corrente no País;NUMERÁRIO EM MEU PODER;4424,94
250001931760;MARIA CECILIA PACHECO;BOITUVA;VEREADOR;PSD;Veículo automotor terrestre: caminhão, automóvel, moto, etc.;CARRO MARCA GM ANO 2002/2003;30000,00
250001931664;GELIANE PEDROZO PATINETI;BOITUVA;VEREADOR;SOLIDARIEDADE;Casa;Imovel Residencial localizado na cidade de Boituva;350000,00
250001931708;EDIRLENE TERESINHA DE FERRIELLO;BOITUVA;VEREADOR;REPUBLICANOS;Veículo automotor terrestre: caminhão, automóvel, moto, etc.;VEICULO CHEVROLET;66080,00
250001931708;EDIRLENE TERESINHA DE FERRIELLO;BOITUVA;VEREADOR;REPUBLICANOS;Depósito bancário em conta corrente no País;BANCO ITAU;8426,89
250001931321;LAIS MARIANA GIANOTTI;BOITUVA;VEREADOR;PRD;Outros bens imóveis;16,66% IMOVEL RESIDENCIAL ;500000,00
250001931695;JOSE RAIMUNDO DA SILVA ROMERO;BOITUVA;VEREADOR;PODE;Veículo automotor terrestre: caminhão, automóvel, moto, etc.;Veiculo Peugeot Boxer ano 2012;76031,00
250002138886;LUAN MENEZES PAIVA DE OLIVEIRA;BOITUVA;VEREADOR;AVANTE;Terreno;1 TERRENO;160000,00
250002130381;MARCELO DOS SANTOS SILVA;BOITUVA;VEREADOR;PL;Veículo automotor terrestre: caminhão, automóvel, moto, etc.;Honda Civic 2004;25000,00
250002130381;MARCELO DOS SANTOS SILVA;BOITUVA;VEREADOR;PL;Veículo automotor terrestre: caminhão, automóvel, moto, etc.;Ford Ka - 2005;14000,00
250002130381;MARCELO DOS SANTOS SILVA;BOITUVA;VEREADOR;PL;Terreno;1 terreno em Ponta Grossa - Paraná;250000,00
250002138892;MARCELO HENRIQUE SILVA;BOITUVA;VEREADOR;AVANTE;Veículo automotor terrestre: caminhão, automóvel, moto, etc.;Carro Sandero Renalt;25000,00
250002138894;VERA TEREZA DE MELO;BOITUVA;VEREADOR;AVANTE;Casa;Casa Residencial ;850000,00
250002138894;VERA TEREZA DE MELO;BOITUVA;VEREADOR;AVANTE;Casa;Casa Residencial ;400000,00
250002130383;CICERA APARECIDA JACINTO VEDESCHI;BOITUVA;VEREADOR;PL;Veículo automotor terrestre: caminhão, automóvel, moto, etc.;Ranger 2018;145000,00
250002130383;CICERA APARECIDA JACINTO VEDESCHI;BOITUVA;VEREADOR;PL;Veículo automotor terrestre: caminhão, automóvel, moto, etc.;Saveiro 2023;75000,00
250002130383;CICERA APARECIDA JACINTO VEDESCHI;BOITUVA;VEREADOR;PL;Veículo automotor terrestre: caminhão, automóvel, moto, etc.;Saveiro 2016;45000,00
250002130383;CICERA APARECIDA JACINTO VEDESCHI;BOITUVA;VEREADOR;PL;Veículo automotor terrestre: caminhão, automóvel, moto, etc.;Saveiro 2011;34000,00
250002130383;CICERA APARECIDA JACINTO VEDESCHI;BOITUVA;VEREADOR;PL;Veículo automotor terrestre: caminhão, automóvel, moto, etc.;Strada 2015;52000,00
250002130383;CICERA APARECIDA JACINTO VEDESCHI;BOITUVA;VEREADOR;PL;Veículo automotor terrestre: caminhão, automóvel, moto, etc.;Moto CB 250 F Twister -2018;18000,00
250002130383;CICERA APARECIDA JACINTO VEDESCHI;BOITUVA;VEREADOR;PL;Depósito bancário em conta corrente no País;Saldo em conta - Banco Santander ;12000,00
250002130383;CICERA APARECIDA JACINTO VEDESCHI;BOITUVA;VEREADOR;PL;Casa;Sobrado - Vila dos Ipes, Boituva/SP;1000000,00
250002130380;JOSE AMARO ANDRADE;BOITUVA;VEREADOR;PL;Crédito decorrente de empréstimo;Crédito referente a NP ;45000,00
250002130380;JOSE AMARO ANDRADE;BOITUVA;VEREADOR;PL;Outros bens imóveis;12,5% de um sítio no bairro Água Branca - Boituva/SP;18755,36
250002130380;JOSE AMARO ANDRADE;BOITUVA;VEREADOR;PL;Terra nua;37,37% de um quinhão de terras no bairro Campos de Boituva/SP;21552,77
250002130380;JOSE AMARO ANDRADE;BOITUVA;VEREADOR;PL;Veículo automotor terrestre: caminhão, automóvel, moto, etc.;BMW 320 Sport GP - 2019;177858,40
250002130380;JOSE AMARO ANDRADE;BOITUVA;VEREADOR;PL;Veículo automotor terrestre: caminhão, automóvel, moto, etc.;Fiat Toro Freed - 2021;95985,96
250002130380;JOSE AMARO ANDRADE;BOITUVA;VEREADOR;PL;Prédio comercial;25% do Prédio na Rua Cel. Eugenio Motta - Boituva/SP;28700,00
250002130380;JOSE AMARO ANDRADE;BOITUVA;VEREADOR;PL;Terreno;Terreno - Residencial Esplanada, Boituva/SP;4972,12
250002130380;JOSE AMARO ANDRADE;BOITUVA;VEREADOR;PL;Terreno;Lote no jardim Maria Conceição - Porto Feliz/SP;14320,15
250002130380;JOSE AMARO ANDRADE;BOITUVA;VEREADOR;PL;Terreno;50% terreno sem benfeitorias - Porto Feliz/SP;20000,00
250002130380;JOSE AMARO ANDRADE;BOITUVA;VEREADOR;PL;Terreno;Lote no Flora Ville, Boituva/SP;252000,00
250002130380;JOSE AMARO ANDRADE;BOITUVA;VEREADOR;PL;Terreno;Lote no Jardim Paraíso - Boituva/SP;11953,60
250002130380;JOSE AMARO ANDRADE;BOITUVA;VEREADOR;PL;Terreno;12,5% de um terreno na Rua Manoel dos Santos Freire - Boituva/SP;33622,99
250002130380;JOSE AMARO ANDRADE;BOITUVA;VEREADOR;PL;Terreno;12,5% de um terreno na Rua Manoel dos Santos Freire - Boituva/SP, recebido por doação;11356,88
250002130380;JOSE AMARO ANDRADE;BOITUVA;VEREADOR;PL;Terreno;com 3,42 HA no bairro Geriva - Boituva/SP;1252,17
250002130380;JOSE AMARO ANDRADE;BOITUVA;VEREADOR;PL;Terreno;1 terreno no Campos de Boituva/SP;20000,00
250002130380;JOSE AMARO ANDRADE;BOITUVA;VEREADOR;PL;Casa;50% de um imóvel na Rua Evaristo Candiotto - Boituva/SP;13119,50
250002130380;JOSE AMARO ANDRADE;BOITUVA;VEREADOR;PL;Casa;12,5% de uma casa gemea na Rua Manoel dos Santos Freire - Boituva/SP;45389,48
250002130380;JOSE AMARO ANDRADE;BOITUVA;VEREADOR;PL;Casa;12,5% na Rua Manoel dos Santos Freire - Boituva/SP, recebido por doação ;15331,26
250002130380;JOSE AMARO ANDRADE;BOITUVA;VEREADOR;PL;Apartamento;50% Apartamento - Edifício Brasilia (Guarujá/SP);120000,00
250002130877;CICERO JUVENAL DA SILVA;BOITUVA;VEREADOR;PSB;Veículo automotor terrestre: caminhão, automóvel, moto, etc.;Kia Soul 2010;40674,00
250002130877;CICERO JUVENAL DA SILVA;BOITUVA;VEREADOR;PSB;Casa;Imóvel Terras de Santa Cruz - Boituva/SP;250000,00
250001931372;FRANCISCO LUCAS DOS SANTOS;BOITUVA;VEREADOR;UNIÃµO;Depósito bancário em conta corrente no País;NUMERARIO EM MEU PODER;166530,00
250001931717;PATRICIA SANTOS MOTA SILVA;BOITUVA;VEREADOR;REPUBLICANOS;OUTROS BENS E DIREITOS;PARTICIPAÇÃO EM EMPRESA ;6600,00
250001931717;PATRICIA SANTOS MOTA SILVA;BOITUVA;VEREADOR;REPUBLICANOS;OUTROS BENS E DIREITOS;PARTICIPAÇÃO SOCIAL;7554,47
250001931717;PATRICIA SANTOS MOTA SILVA;BOITUVA;VEREADOR;REPUBLICANOS;Depósito bancário em conta corrente no País;NUMERÁRIO EM MEU PODER;163,02
250001931717;PATRICIA SANTOS MOTA SILVA;BOITUVA;VEREADOR;REPUBLICANOS;Depósito bancário em conta corrente no País;NUMERÁRIO EM MEU PODER;403,58
250001931573;VILMA MORAES DE ARRUDA SOARES;BOITUVA;VEREADOR;CIDADANIA;Veículo automotor terrestre: caminhão, automóvel, moto, etc.;carro;90000,00
250001931573;VILMA MORAES DE ARRUDA SOARES;BOITUVA;VEREADOR;CIDADANIA;Caderneta de poupança;numeraria;92246,34
250001931573;VILMA MORAES DE ARRUDA SOARES;BOITUVA;VEREADOR;CIDADANIA;Depósito bancário em conta corrente no País;numerario;3795,27
250001931573;VILMA MORAES DE ARRUDA SOARES;BOITUVA;VEREADOR;CIDADANIA;Depósito bancário em conta corrente no País;numeraria;6935,12
250001931573;VILMA MORAES DE ARRUDA SOARES;BOITUVA;VEREADOR;CIDADANIA;Terreno;lote de terreno municipio de boituva;130000,00
250001931573;VILMA MORAES DE ARRUDA SOARES;BOITUVA;VEREADOR;CIDADANIA;Casa;sexta parte de um imovel municipio de boituva;40000,00
250001931573;VILMA MORAES DE ARRUDA SOARES;BOITUVA;VEREADOR;CIDADANIA;Casa;municipio de boituva;330000,00
250001931573;VILMA MORAES DE ARRUDA SOARES;BOITUVA;VEREADOR;CIDADANIA;Apartamento;imovel  municipio de boituva;310750,00
250001931316;GRACILENA TELES DE MIRANDA;BOITUVA;VEREADOR;PRD;Outros bens imóveis;50% IMOVEL RESIDENCIAL;250000,00
250001931701;ADEMIR ROBERTO CHRISTO;BOITUVA;VEREADOR;PODE;Outros fundos;Conta Corrente Banco Bradesco Agencia de Cesario Lange;1,00
250001931701;ADEMIR ROBERTO CHRISTO;BOITUVA;VEREADOR;PODE;Outras participações societárias;Socio Proprietario em Drogaria Santa Cruz na cidade de Cesario Lange de CNPJ 66587387/0001 - 32 com participação de 1%.;5000,00
250001931701;ADEMIR ROBERTO CHRISTO;BOITUVA;VEREADOR;PODE;Outras participações societárias;50% do Capital social da Empresa Drogaria Jardim em Casario Lange de CNPJ 03912070/0001 - 04;5000,00
250001931701;ADEMIR ROBERTO CHRISTO;BOITUVA;VEREADOR;PODE;Veículo automotor terrestre: caminhão, automóvel, moto, etc.;Veiculo VW Fusca 1977;4000,00
250001931701;ADEMIR ROBERTO CHRISTO;BOITUVA;VEREADOR;PODE;Veículo automotor terrestre: caminhão, automóvel, moto, etc.;Caminhonete MMC Triton;90000,00
250001931701;ADEMIR ROBERTO CHRISTO;BOITUVA;VEREADOR;PODE;Veículo automotor terrestre: caminhão, automóvel, moto, etc.;Automovel Fiat 147 ano 1985;5000,00
250001931701;ADEMIR ROBERTO CHRISTO;BOITUVA;VEREADOR;PODE;Caderneta de poupança;Capital Social Proprio na Cooperativa de credito coop livre agencia 3191 Cesario Lange;90,32
250001931701;ADEMIR ROBERTO CHRISTO;BOITUVA;VEREADOR;PODE;Terreno;Lote  de terreno localizado no municipio de Boituva                                                                           ;6771,50
250001931701;ADEMIR ROBERTO CHRISTO;BOITUVA;VEREADOR;PODE;Terreno;Lote de Terreno localizado no municipio de Boituva;78837,00
250001931701;ADEMIR ROBERTO CHRISTO;BOITUVA;VEREADOR;PODE;Terreno;Terreno Localizado na cidade de Porto Feliz;26000,00
250001931701;ADEMIR ROBERTO CHRISTO;BOITUVA;VEREADOR;PODE;Construção;Imovel Comercial Localizado no Jardim Maria Paulina no municipio de  Boituva.;11000,00
250001931701;ADEMIR ROBERTO CHRISTO;BOITUVA;VEREADOR;PODE;Aplicação de renda fixa (CDB, RDB e outros);Aplicação de Renda Fixa CDB no banco Bradesco Agencia 5989;29791,00
250001931870;MARCIO APARECIDO MORO;BOITUVA;VEREADOR;PP;Caderneta de poupança;saldo em conta;2823,00
250001931870;MARCIO APARECIDO MORO;BOITUVA;VEREADOR;PP;Terreno;lote municipio de boituva;117000,00
250001931870;MARCIO APARECIDO MORO;BOITUVA;VEREADOR;PP;Veículo automotor terrestre: caminhão, automóvel, moto, etc.;carro;17500,00
250001931870;MARCIO APARECIDO MORO;BOITUVA;VEREADOR;PP;Veículo automotor terrestre: caminhão, automóvel, moto, etc.;carro;76900,00
250001931870;MARCIO APARECIDO MORO;BOITUVA;VEREADOR;PP;Aplicação de renda fixa (CDB, RDB e outros);saldo em conta;10846,00
250001931870;MARCIO APARECIDO MORO;BOITUVA;VEREADOR;PP;Casa;municipio boituva;400000,00
250001931370;SILMARA LUIZA BIMBATO BINDA;BOITUVA;VEREADOR;UNIÃµO;Crédito decorrente de empréstimo;FINANCIAMENTO IMOBILIARIO;11601,55
250001931370;SILMARA LUIZA BIMBATO BINDA;BOITUVA;VEREADOR;UNIÃµO;Depósito bancário em conta corrente no País;NUMERÁRIO EM CONTA CORRENTE ;18855,49
250001931370;SILMARA LUIZA BIMBATO BINDA;BOITUVA;VEREADOR;UNIÃµO;Aplicação de renda fixa (CDB, RDB e outros);INVESTIMENTO ;5939,78
250002138895;PAULO HENRIQUE FERNANDES DA CRUZ;BOITUVA;VEREADOR;AVANTE;Veículo automotor terrestre: caminhão, automóvel, moto, etc.;Carro Renault Sandero 2018-2019 ;45000,00
250001931317;HAROLDO BARBOSA;BOITUVA;VEREADOR;PRD;Outros bens imóveis;chacara;600000,00
250001931317;HAROLDO BARBOSA;BOITUVA;VEREADOR;PRD;Terreno;terreno;500000,00
250001932170;EDSON JOSE MARCUSSO;BOITUVA;PREFEITO;PSD;Crédito decorrente de empréstimo;CRÉDITO DE EMPRÉSTIMO;45000,00
250001932170;EDSON JOSE MARCUSSO;BOITUVA;PREFEITO;PSD;Depósito bancário em conta corrente no País;NUMERÁRIO EM MEU PODER;100000,00
250001932170;EDSON JOSE MARCUSSO;BOITUVA;PREFEITO;PSD;Terreno;1/4 DE LOTE DE TERRENO E BOITUVA/SP;23900,93
250001932170;EDSON JOSE MARCUSSO;BOITUVA;PREFEITO;PSD;Terreno;1/4 DE LOTE DE TERRENO E BOITUVA/SP;17054,23
250001932170;EDSON JOSE MARCUSSO;BOITUVA;PREFEITO;PSD;Terreno;LOTE DE TERRENO E BOITUVA/SP;26000,00
250001932170;EDSON JOSE MARCUSSO;BOITUVA;PREFEITO;PSD;Terreno;1/4 DE LOTE DE TERRENO E BOITUVA/SP;41601,33
250001932170;EDSON JOSE MARCUSSO;BOITUVA;PREFEITO;PSD;Terreno;1/4 DE LOTE DE TERRENO E BOITUVA/SP;35556,72
250001932170;EDSON JOSE MARCUSSO;BOITUVA;PREFEITO;PSD;Veículo automotor terrestre: caminhão, automóvel, moto, etc.;UM VEÍCULO ANO 2017;74495,16
250001932170;EDSON JOSE MARCUSSO;BOITUVA;PREFEITO;PSD;Aplicação de renda fixa (CDB, RDB e outros);AÇÕES;69,39
250001932170;EDSON JOSE MARCUSSO;BOITUVA;PREFEITO;PSD;Casa;IMÓVEL RESIDENCIAL EM BOITUVA/SP;40000,00
250002139317;ADALBERTO BARBOSA COPPI;BOITUVA;VEREADOR;MDB;Veículo automotor terrestre: caminhão, automóvel, moto, etc.;Parati ano 1994;11500,00
250002139317;ADALBERTO BARBOSA COPPI;BOITUVA;VEREADOR;MDB;Veículo automotor terrestre: caminhão, automóvel, moto, etc.;Moto XLX 1990;6000,00
250002139317;ADALBERTO BARBOSA COPPI;BOITUVA;VEREADOR;MDB;Terreno;1 Terreno;50000,00
250001931319;JAIR APARECIDO MIRANDA DE LIMA;BOITUVA;VEREADOR;PRD;OUTROS BENS E DIREITOS;CRÉDITOS TRABALHISTAS À RECEBER;15084,15
250001931319;JAIR APARECIDO MIRANDA DE LIMA;BOITUVA;VEREADOR;PRD;OUTROS BENS E DIREITOS;CRÉDITOS TRABALHISTAS À RECEBER;7875,40
250001931319;JAIR APARECIDO MIRANDA DE LIMA;BOITUVA;VEREADOR;PRD;Veículo automotor terrestre: caminhão, automóvel, moto, etc.;VEÍCULO VOLKSWAGEN 1981/1982 ;1000,00
250001931319;JAIR APARECIDO MIRANDA DE LIMA;BOITUVA;VEREADOR;PRD;Veículo automotor terrestre: caminhão, automóvel, moto, etc.;VEÍCULO ANO 2015/2016 ;28900,00
250001931319;JAIR APARECIDO MIRANDA DE LIMA;BOITUVA;VEREADOR;PRD;Veículo automotor terrestre: caminhão, automóvel, moto, etc.;MOTO ANO 2021;20490,00
250001931319;JAIR APARECIDO MIRANDA DE LIMA;BOITUVA;VEREADOR;PRD;Depósito bancário em conta corrente no País;NUMERÁRIO EM MEU PODER;1,00
250001931319;JAIR APARECIDO MIRANDA DE LIMA;BOITUVA;VEREADOR;PRD;Aplicação de renda fixa (CDB, RDB e outros);RENDA FIXA;106430,85
250001931319;JAIR APARECIDO MIRANDA DE LIMA;BOITUVA;VEREADOR;PRD;Casa;IMÓVEL RESIDENCIAL EM BOITUVA/SP;110000,00
250001931761;WILLIAM SANTOS DE ANDRADE;BOITUVA;VEREADOR;PSD;Veículo automotor terrestre: caminhão, automóvel, moto, etc.;CARRO FORD;10000,00
250001931761;WILLIAM SANTOS DE ANDRADE;BOITUVA;VEREADOR;PSD;Veículo automotor terrestre: caminhão, automóvel, moto, etc.;CARRO VOLKSWAGEN;10000,00
250002138889;DIOGO DANIEL RUARO;BOITUVA;VEREADOR;AVANTE;Veículo automotor terrestre: caminhão, automóvel, moto, etc.;Carro Passat 2007;39000,00
250002138889;DIOGO DANIEL RUARO;BOITUVA;VEREADOR;AVANTE;Casa;Casa / Sobrado;550000,00
250002138891;FRANCIELE CRISTINA FONTES CARVALHO;BOITUVA;VEREADOR;AVANTE;Veículo automotor terrestre: caminhão, automóvel, moto, etc.;Carro Fox 1.0 / 2005;14500,00
250002138888;ANDREIA OLIMPIA VITAL CRISTANTE;BOITUVA;VEREADOR;AVANTE;Casa;Imovel Residencial;380000,00
250002139312;JANDILSON LUIS DA SILVA;BOITUVA;VEREADOR;MDB;Veículo automotor terrestre: caminhão, automóvel, moto, etc.;1 Carro;80000,00
250002139312;JANDILSON LUIS DA SILVA;BOITUVA;VEREADOR;MDB;Veículo automotor terrestre: caminhão, automóvel, moto, etc.;1 Moto;16000,00
250002139312;JANDILSON LUIS DA SILVA;BOITUVA;VEREADOR;MDB;Veículo automotor terrestre: caminhão, automóvel, moto, etc.;1 Moto;19000,00
250002139312;JANDILSON LUIS DA SILVA;BOITUVA;VEREADOR;MDB;Casa;1 Casa;190000,00
250002130885;JOSÃµ RUFINO RODRIGUES FILHO;BOITUVA;VEREADOR;PSB;Depósito bancário em conta corrente no País;Saldo em conta - Caixa Economica Federal;6814,35
250002130885;JOSÃµ RUFINO RODRIGUES FILHO;BOITUVA;VEREADOR;PSB;Casa;Imóvel na Rua Ana Maria Vianna Teles - Boituva/SP;187975,42
250002130050;FABRICIO AMARO ANDRADE;BOITUVA;PREFEITO;PL;Crédito decorrente de empréstimo;Crédito referente N.P;19000,00
250002130050;FABRICIO AMARO ANDRADE;BOITUVA;PREFEITO;PL;Terra nua;50% no bairro Água Branca - Boituva/SP;44790,97
250002130050;FABRICIO AMARO ANDRADE;BOITUVA;PREFEITO;PL;Veículo automotor terrestre: caminhão, automóvel, moto, etc.;Hyundai New Hb20 - 2023;75190,00
250002130050;FABRICIO AMARO ANDRADE;BOITUVA;PREFEITO;PL;Prédio comercial;50% de um prédio na Rua Conselheiro Antonio Prado - Boituva/SP;61230,00
250002130050;FABRICIO AMARO ANDRADE;BOITUVA;PREFEITO;PL;Terreno;50% do lote 05 no Parque São Camilo - Boituva/SP;7500,00
250002130050;FABRICIO AMARO ANDRADE;BOITUVA;PREFEITO;PL;Terreno;50% do lote 07 no Parque São Camilo - Boituva/SP;13605,00
250002130050;FABRICIO AMARO ANDRADE;BOITUVA;PREFEITO;PL;Terreno;50% lote 06 no Parque São Camilo - Boituva/SP;7500,00
250002130050;FABRICIO AMARO ANDRADE;BOITUVA;PREFEITO;PL;Terreno;50% lote 04 no Parque São Camilo - Boituva/SP;10000,00
250002130050;FABRICIO AMARO ANDRADE;BOITUVA;PREFEITO;PL;Terreno;50% lote 10 no Jardim Maria Conceição - Boituva/SP;4000,00
250002130050;FABRICIO AMARO ANDRADE;BOITUVA;PREFEITO;PL;Terreno;50% lote 11 no Jardim Maria Conceição - Boituva/SP;4000,00
250002130050;FABRICIO AMARO ANDRADE;BOITUVA;PREFEITO;PL;Terreno;50% lote 12 no Jardim Maria Conceição - Boituva/SP;4000,00
250002130050;FABRICIO AMARO ANDRADE;BOITUVA;PREFEITO;PL;Terreno;4 lotes no Jardim Paraíso - Boituva/SP;41408,48
250002130050;FABRICIO AMARO ANDRADE;BOITUVA;PREFEITO;PL;Terreno;lote 10 no Jardim Paraíso - Boituva/SP;13004,80
250002130050;FABRICIO AMARO ANDRADE;BOITUVA;PREFEITO;PL;Terreno;lote 11 no Jardim Paraíso - Boituva/SP;13004,80
250002130050;FABRICIO AMARO ANDRADE;BOITUVA;PREFEITO;PL;Aplicação de renda fixa (CDB, RDB e outros);Saldo em conta - Bradesco;78650,54
250002130050;FABRICIO AMARO ANDRADE;BOITUVA;PREFEITO;PL;Prédio residencial;50% prédio residencial na Rua Cel. Eugenio Mota - Boituva/SP;183690,00
250002130050;FABRICIO AMARO ANDRADE;BOITUVA;PREFEITO;PL;Prédio residencial;50% de um prédio na Avenida Presidente J. F. Kennedy - Águas de São Pedro/SP;65564,31
250002130050;FABRICIO AMARO ANDRADE;BOITUVA;PREFEITO;PL;Prédio residencial;Na Rua Adelino Moschioni - Boituva/SP;402298,42
250002130050;FABRICIO AMARO ANDRADE;BOITUVA;PREFEITO;PL;Casa;50% do imóvel na Rua Cel. Eugenio Motta, 422 - Boituva/SP;24492,00
250002130050;FABRICIO AMARO ANDRADE;BOITUVA;PREFEITO;PL;Casa;50% do imóvel na Rua Cel. Eugenio Motta, 153 - Boituva/SP;51738,00
250002130050;FABRICIO AMARO ANDRADE;BOITUVA;PREFEITO;PL;Casa;50% do imóvel na Rua Cel. Eugenio Motta, 428 - Boituva/SP;34851,79
250002130050;FABRICIO AMARO ANDRADE;BOITUVA;PREFEITO;PL;Apartamento;25% do Apartamento no Edíficio Brasília - Guarujá/SP;60000,00
250002130881;SONIA APARECIDA DUARTE REZENDE;BOITUVA;VEREADOR;PSB;Depósito bancário em conta corrente no País;Saldo em conta - Mercantil;1200,00
250002130385;MARCIO LUIS GUERRA;BOITUVA;VEREADOR;PL;Veículo automotor terrestre: caminhão, automóvel, moto, etc.;Honda HR-V 2015;95000,00
250002130385;MARCIO LUIS GUERRA;BOITUVA;VEREADOR;PL;Terreno;Aquisição de um terreno mais construção residencial;464000,00
250002385310;NELSON DA SILVA RODRIGUES;BOITUVA;VEREADOR;SOLIDARIEDADE;Depósito bancário em conta corrente no País;NUMERÁRIO EM MEU PODER;4254,09
250002385310;NELSON DA SILVA RODRIGUES;BOITUVA;VEREADOR;SOLIDARIEDADE;Depósito bancário em conta corrente no País;NUMERÁRIO EM MEU PODER;3530,77
250001931707;ANTÃµNIO PAULO ELIAS DA SILVA;BOITUVA;VEREADOR;REPUBLICANOS;OUTROS BENS E DIREITOS;EQUIPAMENTO DE LOJA;35000,00
250001931707;ANTÃµNIO PAULO ELIAS DA SILVA;BOITUVA;VEREADOR;REPUBLICANOS;OUTROS BENS E DIREITOS;20.000 COTAS DE EMPRESA;20000,00
250001931707;ANTÃµNIO PAULO ELIAS DA SILVA;BOITUVA;VEREADOR;REPUBLICANOS;OUTROS BENS E DIREITOS;50.000 COTAS DE EMPRESA;50000,00
250001931707;ANTÃµNIO PAULO ELIAS DA SILVA;BOITUVA;VEREADOR;REPUBLICANOS;Depósito bancário em conta corrente no País;NUMERÁRIO EM MEU PODER ;8000,00
250001932171;JOELMIR PEREIRA CAMARGO;BOITUVA;VICE-PREFEITO;CIDADANIA;Quotas ou quinhões de capital;PARTICIPAÇÃO EMPRESA ;35000,00
250001932171;JOELMIR PEREIRA CAMARGO;BOITUVA;VICE-PREFEITO;CIDADANIA;Caderneta de poupança;NUMERÁRIO EM MEU PODER;51,45
250001932171;JOELMIR PEREIRA CAMARGO;BOITUVA;VICE-PREFEITO;CIDADANIA;Caderneta de poupança;NUMERÁRIO EM MEU PODER;100,00
250001932171;JOELMIR PEREIRA CAMARGO;BOITUVA;VICE-PREFEITO;CIDADANIA;Depósito bancário em conta corrente no País;NUMERÁRIO EM MEU PODER;1191,98
250001932171;JOELMIR PEREIRA CAMARGO;BOITUVA;VICE-PREFEITO;CIDADANIA;Depósito bancário em conta corrente no País;NUMERÁRIO EM MEU PODER;224,94
250001932171;JOELMIR PEREIRA CAMARGO;BOITUVA;VICE-PREFEITO;CIDADANIA;Depósito bancário em conta corrente no País;NUMERÁRIO EM MEU PODER;6,66
250001932171;JOELMIR PEREIRA CAMARGO;BOITUVA;VICE-PREFEITO;CIDADANIA;Aplicação de renda fixa (CDB, RDB e outros);RENDA FIXA;11,87
250001931711;ADONIAS VIANA DE BRITO;BOITUVA;VEREADOR;REPUBLICANOS;Veículo automotor terrestre: caminhão, automóvel, moto, etc.;PRISMA MAXX;25000,00
250001931711;ADONIAS VIANA DE BRITO;BOITUVA;VEREADOR;REPUBLICANOS;Veículo automotor terrestre: caminhão, automóvel, moto, etc.;MOTO HONDA 1990;10000,00
250001931711;ADONIAS VIANA DE BRITO;BOITUVA;VEREADOR;REPUBLICANOS;Casa;IMOVE RESIDENCIAL ;115000,00
250001931697;LUCAS MATEOS PEREIRA;BOITUVA;VEREADOR;PODE;Outros fundos;Saldo Em conta Capital no Banco Sicredi;2203,00
250001931697;LUCAS MATEOS PEREIRA;BOITUVA;VEREADOR;PODE;Outros fundos;Saldo em conta Corrente no banco Sicredi;1489,16
250001931697;LUCAS MATEOS PEREIRA;BOITUVA;VEREADOR;PODE;Veículo automotor terrestre: caminhão, automóvel, moto, etc.;Veiculo Toyta Corolla;50586,00
250001931697;LUCAS MATEOS PEREIRA;BOITUVA;VEREADOR;PODE;Casa;Imovel Localizado na cidade de Boituva;40731,84
250001931658;MARCOS ADÃµO DE ALMEIDA;BOITUVA;VEREADOR;SOLIDARIEDADE;Caderneta de poupança;Pouoança no banco Sicredi;1369,34
250001931658;MARCOS ADÃµO DE ALMEIDA;BOITUVA;VEREADOR;SOLIDARIEDADE;Depósito bancário em conta corrente no País;Saldo em conta Capital Coop de Cred Invest Nossa Terra;1806,94
250001931658;MARCOS ADÃµO DE ALMEIDA;BOITUVA;VEREADOR;SOLIDARIEDADE;Depósito bancário em conta corrente no País;Saldo em Conta Corrente Banco Coop Credit Nossa Terra;2821,99
250001931658;MARCOS ADÃµO DE ALMEIDA;BOITUVA;VEREADOR;SOLIDARIEDADE;Aplicação de renda fixa (CDB, RDB e outros);Aplicações de Renda Fixa Sicredi;1796,80
250001931716;SIDNEI BOM;BOITUVA;VEREADOR;REPUBLICANOS;Caderneta de poupança;NUMERÁRIO EM MEU PODER;53,53
250001931716;SIDNEI BOM;BOITUVA;VEREADOR;REPUBLICANOS;Caderneta de poupança;NUMERÁRIO EM MEU PODER ;12,69
250001931716;SIDNEI BOM;BOITUVA;VEREADOR;REPUBLICANOS;Caderneta de poupança;NUMERÁRIO EM MEU PODER ;63,92
250001931716;SIDNEI BOM;BOITUVA;VEREADOR;REPUBLICANOS;Depósito bancário em conta corrente no País;NUMERÁRIO EM MEU PODER ;190,30
250001931716;SIDNEI BOM;BOITUVA;VEREADOR;REPUBLICANOS;Depósito bancário em conta corrente no País;NUMERÁRIO EM MEU PODER ;6933,55
250001931716;SIDNEI BOM;BOITUVA;VEREADOR;REPUBLICANOS;Depósito bancário em conta corrente no País;NUMERÁRIO EM MEU PODER ;145,65
250001931716;SIDNEI BOM;BOITUVA;VEREADOR;REPUBLICANOS;Veículo automotor terrestre: caminhão, automóvel, moto, etc.;MOTO HONDA;11000,00
250001931716;SIDNEI BOM;BOITUVA;VEREADOR;REPUBLICANOS;Veículo automotor terrestre: caminhão, automóvel, moto, etc.;AUTOMÓVEL TOYOTA;64000,00
250001931716;SIDNEI BOM;BOITUVA;VEREADOR;REPUBLICANOS;Casa;IMOVEL RESIDENCIAL EM BOITUVA;265000,00
250001931716;SIDNEI BOM;BOITUVA;VEREADOR;REPUBLICANOS;Casa;IMÓVEL RESIDENCIAL EM BOITUVA;84640,86
250001931663;EVELI EDILENO VAZ COLTRE;BOITUVA;VEREADOR;SOLIDARIEDADE;Casa;01 Imovel residencial na cidade de Boituva;280000,00
250001931324;BENEDITO CARLOS MORENO;BOITUVA;VEREADOR;PRD;Veículo automotor terrestre: caminhão, automóvel, moto, etc.;VEÍCULO MB ANO 2008;35000,00
250001931324;BENEDITO CARLOS MORENO;BOITUVA;VEREADOR;PRD;Depósito bancário em conta corrente no País;NUMERÁRIO EM MEU PODER ;2,24
250001931324;BENEDITO CARLOS MORENO;BOITUVA;VEREADOR;PRD;Depósito bancário em conta corrente no País;NUMERÁRIO EM MEU PODER ;50,45
250001931324;BENEDITO CARLOS MORENO;BOITUVA;VEREADOR;PRD;Depósito bancário em conta corrente no País;NUMERÁRIO EM MEU PODER ;90,00
250001931324;BENEDITO CARLOS MORENO;BOITUVA;VEREADOR;PRD;Depósito bancário em conta corrente no País;NUMERÁRIO EM MEU PODER ;2,89
250001931324;BENEDITO CARLOS MORENO;BOITUVA;VEREADOR;PRD;Aplicação de renda fixa (CDB, RDB e outros);APLICAÇÃO EM BANCO ;2760,59
250001931324;BENEDITO CARLOS MORENO;BOITUVA;VEREADOR;PRD;Aplicação de renda fixa (CDB, RDB e outros);APLICAÇÃO EM BANCO;6,01
250001931324;BENEDITO CARLOS MORENO;BOITUVA;VEREADOR;PRD;Casa;IMÓVEL RESIDENCIAL EM BOITUVA SP;124000,00
250001931698;FABIOLA RIZZETTO SARTORELLI;BOITUVA;VEREADOR;PODE;Outros fundos;Conta Corrento no Banco Itau;10,00
250001931698;FABIOLA RIZZETTO SARTORELLI;BOITUVA;VEREADOR;PODE;Outros créditos e poupança vinculados;Conta Pouponça no Banco Itau;16,06
250001931698;FABIOLA RIZZETTO SARTORELLI;BOITUVA;VEREADOR;PODE;Terreno;Terreno Urbano, localizado na cidade de Iperó;85000,00
250001931698;FABIOLA RIZZETTO SARTORELLI;BOITUVA;VEREADOR;PODE;Terreno;Terreno Urbano localizado na cidade de Boituva;124409,26
250001931698;FABIOLA RIZZETTO SARTORELLI;BOITUVA;VEREADOR;PODE;Aplicação de renda fixa (CDB, RDB e outros);Aplicação de Renda Fixa banco Itau;5273,15
250001931698;FABIOLA RIZZETTO SARTORELLI;BOITUVA;VEREADOR;PODE;Apartamento;Apartamento Localizado na rua dezesseis de outubro, na cidade de Boituva.;190000,00
250001931698;FABIOLA RIZZETTO SARTORELLI;BOITUVA;VEREADOR;PODE;Apartamento;Apartamento de numero 54 localizado na rua 16 de outubro, na cidade de Boituva;80283,77
250001931668;ISRAEL MENDES DA SILVA;BOITUVA;VEREADOR;SOLIDARIEDADE;Construção;casa em terreno em construção na cidade de Boituva;1000000,00
250001931318;FÃµBIO MARTINS;BOITUVA;VEREADOR;PRD;Veículo automotor terrestre: caminhão, automóvel, moto, etc.;VEÍCULO FORD ANO 2019;30000,00
250001931325;MARLENE APARECIDA VENÃµNCIO PEREIRA;BOITUVA;VEREADOR;PRD;Veículo automotor terrestre: caminhão, automóvel, moto, etc.;SIENA 2008-2009;18000,00
250001931665;ANA PAULA MARTIN FERREIRA;BOITUVA;VEREADOR;SOLIDARIEDADE;Veículo automotor terrestre: caminhão, automóvel, moto, etc.;Veiculo Uno ano 2012;26000,00
250001931665;ANA PAULA MARTIN FERREIRA;BOITUVA;VEREADOR;SOLIDARIEDADE;Casa;Imovel Residfencial localizado na cidade de Botuva;250000,00
250001931860;HERNANDO MAURO DIOGENES DE AQUINO;BOITUVA;VEREADOR;PP;Outros fundos;FRACAO DE 33% USUFRUTO;3500,00
250001931860;HERNANDO MAURO DIOGENES DE AQUINO;BOITUVA;VEREADOR;PP;OUTROS BENS E DIREITOS;FRACAO DE 33% DE UMA CASA;3600,00
250001931860;HERNANDO MAURO DIOGENES DE AQUINO;BOITUVA;VEREADOR;PP;Terreno;na cidade de boituva;58000,00
250001931860;HERNANDO MAURO DIOGENES DE AQUINO;BOITUVA;VEREADOR;PP;Terreno;na cidade de boituva;29000,00
250001931860;HERNANDO MAURO DIOGENES DE AQUINO;BOITUVA;VEREADOR;PP;Terreno;UM LOTE DE TERRENO;125000,00
250001931860;HERNANDO MAURO DIOGENES DE AQUINO;BOITUVA;VEREADOR;PP;Veículo automotor terrestre: caminhão, automóvel, moto, etc.;carro;75000,00
250001931860;HERNANDO MAURO DIOGENES DE AQUINO;BOITUVA;VEREADOR;PP;Casa;casa na cidade de boituva;375000,00
250001931860;HERNANDO MAURO DIOGENES DE AQUINO;BOITUVA;VEREADOR;PP;Casa;imovel cidade de boituva;866000,00
250001931860;HERNANDO MAURO DIOGENES DE AQUINO;BOITUVA;VEREADOR;PP;Casa;na cidade de boituva;408000,00
250001931860;HERNANDO MAURO DIOGENES DE AQUINO;BOITUVA;VEREADOR;PP;Apartamento;na cidade de Boituva;59000,00
250001931860;HERNANDO MAURO DIOGENES DE AQUINO;BOITUVA;VEREADOR;PP;Apartamento;50% na cidade de São Paulo;270000,00
250001931860;HERNANDO MAURO DIOGENES DE AQUINO;BOITUVA;VEREADOR;PP;Apartamento;50% no municipio de Bauneario de Piçarras;272000,00
250001931860;HERNANDO MAURO DIOGENES DE AQUINO;BOITUVA;VEREADOR;PP;Apartamento;50% na cidade de Votorantim;400000,00
250001931860;HERNANDO MAURO DIOGENES DE AQUINO;BOITUVA;VEREADOR;PP;Apartamento;50% na cidade de Sorocaba;517000,00
250001931860;HERNANDO MAURO DIOGENES DE AQUINO;BOITUVA;VEREADOR;PP;Apartamento;cidade de itapoa;192000,00
250001931860;HERNANDO MAURO DIOGENES DE AQUINO;BOITUVA;VEREADOR;PP;Apartamento;50% em construção;244000,00
250001931574;JAQUELINE CRISTINA ANTUNES FOGAÃµA;BOITUVA;VEREADOR;CIDADANIA;Terreno;TERRENO NA CIDADE DE BOITUVA;89000,00
250001931323;THIAGO MOREIRA DE CAMARGO;BOITUVA;VEREADOR;PRD;Outros bens imóveis;1/6 CASA;7109,84
250001931323;THIAGO MOREIRA DE CAMARGO;BOITUVA;VEREADOR;PRD;Outros bens imóveis;1/6 IMOVEL ;10676,16
250001931323;THIAGO MOREIRA DE CAMARGO;BOITUVA;VEREADOR;PRD;Veículo automotor terrestre: caminhão, automóvel, moto, etc.;HYNDAI CRETA;96937,94
250001931323;THIAGO MOREIRA DE CAMARGO;BOITUVA;VEREADOR;PRD;Consórcio não contemplado;CONSORCIO;24905,45
250001931323;THIAGO MOREIRA DE CAMARGO;BOITUVA;VEREADOR;PRD;Consórcio não contemplado;CONSORCIO ITAU;1966,31
250001931323;THIAGO MOREIRA DE CAMARGO;BOITUVA;VEREADOR;PRD;Terreno;TERRENO RESIDENCIAL;290000,00
250001931323;THIAGO MOREIRA DE CAMARGO;BOITUVA;VEREADOR;PRD;Aplicação de renda fixa (CDB, RDB e outros);CDB;52366,00
250001931764;ISABELLE CRISTINA CORREA BARRETO;BOITUVA;VEREADOR;PSD;Outros bens imóveis;IMÓVEL RESIDENCIAL EM BOITUVA/SP;81979,78
250001931764;ISABELLE CRISTINA CORREA BARRETO;BOITUVA;VEREADOR;PSD;Caderneta de poupança;NUMERÁRIO EM MEU PODER;9155,94
250001931764;ISABELLE CRISTINA CORREA BARRETO;BOITUVA;VEREADOR;PSD;Depósito bancário em conta corrente no País;NUMERÁRIO EM MEU PODER;1499,57
250001931764;ISABELLE CRISTINA CORREA BARRETO;BOITUVA;VEREADOR;PSD;Depósito bancário em conta corrente no País;NUMERÁRIO EM MEU PODER;59450,00
250001931764;ISABELLE CRISTINA CORREA BARRETO;BOITUVA;VEREADOR;PSD;Veículo automotor terrestre: caminhão, automóvel, moto, etc.;AUTOMÓVEL MARCA VOLKSWAGEN ANO 2009/2010;25998,00
250001931764;ISABELLE CRISTINA CORREA BARRETO;BOITUVA;VEREADOR;PSD;Veículo automotor terrestre: caminhão, automóvel, moto, etc.;AUTOMÓVEL MARCA KIA ANO 2009/2010 ;152500,00
250001931759;ANTONIO JORGE PEREIRA NETO;BOITUVA;VEREADOR;PSD;Outros bens imóveis;1/10 PARTE DE IMÓVEL EM BOITUVA/SP;633,33
250001931759;ANTONIO JORGE PEREIRA NETO;BOITUVA;VEREADOR;PSD;Outros bens imóveis; 1/5 PARTE DE IMÓVEL EM BOITUVA/SP;633,33
250001931759;ANTONIO JORGE PEREIRA NETO;BOITUVA;VEREADOR;PSD;OUTROS BENS E DIREITOS;CAPITAL SOCIAL EMPRESA COMERCIAL EM BOITUVA;15000,00
250001931759;ANTONIO JORGE PEREIRA NETO;BOITUVA;VEREADOR;PSD;OUTROS BENS E DIREITOS;PARTICIPAÇÃO NO CAPITAL DE COOPERATIVA DE CRÉDITO;359,53
250001931759;ANTONIO JORGE PEREIRA NETO;BOITUVA;VEREADOR;PSD;Caderneta de poupança;NEMERÁRIO EM MEU PODER;4400,00
250001931759;ANTONIO JORGE PEREIRA NETO;BOITUVA;VEREADOR;PSD;Terreno;1/10 PARTE DE LOTE DE TERRENO EM BOITUVA/SP;2000,00
250001931759;ANTONIO JORGE PEREIRA NETO;BOITUVA;VEREADOR;PSD;Terreno;LOTE DE TERRENO EM BOITUVA/SP;14534,29
250001931759;ANTONIO JORGE PEREIRA NETO;BOITUVA;VEREADOR;PSD;Terreno;LOTE DE TERRENO EM BOITUVA/SP;14534,29
250001931759;ANTONIO JORGE PEREIRA NETO;BOITUVA;VEREADOR;PSD;Terreno; 1/5 PARTE DE LOTE DE TERRENO EM BOITUVA/SP;633,33
250001931759;ANTONIO JORGE PEREIRA NETO;BOITUVA;VEREADOR;PSD;Veículo automotor terrestre: caminhão, automóvel, moto, etc.;VEICULO FIAT ANO 2019/2020 ;35662,56
250001931759;ANTONIO JORGE PEREIRA NETO;BOITUVA;VEREADOR;PSD;Veículo automotor terrestre: caminhão, automóvel, moto, etc.;VEICULO FORD ANO 2019/2020 ;20000,00
250001931759;ANTONIO JORGE PEREIRA NETO;BOITUVA;VEREADOR;PSD;Apartamento;1/6 DE IMÓVEL EM CALDAS NOVAS/GOIAS;18666,87
250001931859;TERESA APARECIDA CARDOSO ANGELI;BOITUVA;VEREADOR;PP;Ouro, ativo financeiro;chiptomoeda;96,83
250001931859;TERESA APARECIDA CARDOSO ANGELI;BOITUVA;VEREADOR;PP;Caderneta de poupança;numerario em meu poder;64765,54
250001931859;TERESA APARECIDA CARDOSO ANGELI;BOITUVA;VEREADOR;PP;Depósito bancário em conta corrente no País;numerario em meu poder;93,20
250002138884;JOSEZITO PEDRO DE ALCÃµNTARA;BOITUVA;VEREADOR;AVANTE;Linha telefônica;1 Linha Telefonica;1596,13
250002138884;JOSEZITO PEDRO DE ALCÃµNTARA;BOITUVA;VEREADOR;AVANTE;Veículo automotor terrestre: caminhão, automóvel, moto, etc.;Carro Classic Ls, Flex 2010/2011 prata;18000,00
250002138884;JOSEZITO PEDRO DE ALCÃµNTARA;BOITUVA;VEREADOR;AVANTE;Casa;Casa residencial;150000,00
250001931659;ALCIDES DE LIMA JUNIOR;BOITUVA;VEREADOR;SOLIDARIEDADE;Caderneta de poupança;Conta Poupança no Banco  Bradesco de Boituva;10412,62
250002139316;JANAILTON GONÃµALVES DOS SANTOS;BOITUVA;VEREADOR;MDB;Veículo automotor terrestre: caminhão, automóvel, moto, etc.;MOTO CB 500 CC 2021;34000,00
250002139321;VANILDA RIBEIRO DOS SANTOS CARRIEL;BOITUVA;VEREADOR;MDB;Outros bens imóveis;Chacara;200000,00
250002139321;VANILDA RIBEIRO DOS SANTOS CARRIEL;BOITUVA;VEREADOR;MDB;Veículo automotor terrestre: caminhão, automóvel, moto, etc.;Caminhonete Saveiro;7800,00
250002139321;VANILDA RIBEIRO DOS SANTOS CARRIEL;BOITUVA;VEREADOR;MDB;Veículo automotor terrestre: caminhão, automóvel, moto, etc.;Carro;7500,00
250002139320;DANILO RODRIGUES DE ALMEIDA;BOITUVA;VEREADOR;MDB;Outras participações societárias;100% Empresa Danilo Rodrigues Almeida ME;40000,00
250002139320;DANILO RODRIGUES DE ALMEIDA;BOITUVA;VEREADOR;MDB;Outras participações societárias;10 % Empresa Shopping Magestade Ltda Me;4000,00
250002139320;DANILO RODRIGUES DE ALMEIDA;BOITUVA;VEREADOR;MDB;Veículo automotor terrestre: caminhão, automóvel, moto, etc.;Um veiculo Chevrolet Onix Lt 2013;38000,00
250002139320;DANILO RODRIGUES DE ALMEIDA;BOITUVA;VEREADOR;MDB;Veículo automotor terrestre: caminhão, automóvel, moto, etc.;Um veiculo Hyundai Tucson GLS 2011;39500,00
250002139320;DANILO RODRIGUES DE ALMEIDA;BOITUVA;VEREADOR;MDB;Terreno;Um terreno, bairro Agua Branca;110000,00
250002130382;MARIA ROSANA DA SILVA FAUSTINO;BOITUVA;VEREADOR;PL;Veículo automotor terrestre: caminhão, automóvel, moto, etc.;Honda CG 160 Start - 2024;18273,00
250002130382;MARIA ROSANA DA SILVA FAUSTINO;BOITUVA;VEREADOR;PL;Depósito bancário em conta corrente no País;Saldo em conta mensal - Santander;12000,00
250002130382;MARIA ROSANA DA SILVA FAUSTINO;BOITUVA;VEREADOR;PL;Terreno;Jardim São Roque - Boituva/SP;79980,00
250001931694;RAFAEL ALVES CORREA;BOITUVA;VEREADOR;PODE;Outros fundos;Cotas de Capital Cooperativa de Credito ;1106,83
250001931694;RAFAEL ALVES CORREA;BOITUVA;VEREADOR;PODE;Outras participações societárias;16,57% do Capital Social da Empresa Maria Aparecida Foramiglio CIA LTDA;3798,13
250001931694;RAFAEL ALVES CORREA;BOITUVA;VEREADOR;PODE;Veículo automotor terrestre: caminhão, automóvel, moto, etc.;Veiculo da Marca GM ano de 2002;38235,32
250001931694;RAFAEL ALVES CORREA;BOITUVA;VEREADOR;PODE;Veículo automotor terrestre: caminhão, automóvel, moto, etc.;Automovel Celta ;12000,00
250001931694;RAFAEL ALVES CORREA;BOITUVA;VEREADOR;PODE;Casa;25% de uma casa residencial na cidade de Boituva;12977,94
250001931578;IRACEMA MOURA DE JESUS;BOITUVA;VEREADOR;CIDADANIA;Veículo automotor terrestre: caminhão, automóvel, moto, etc.;CARRO CORSA;29500,00
250001931326;IVANETE ARAÃµJO GARCIA BELIZARIO;BOITUVA;VEREADOR;PRD;Outros bens imóveis;50% IMOVEL ;122673,19
250001931326;IVANETE ARAÃµJO GARCIA BELIZARIO;BOITUVA;VEREADOR;PRD;Consórcio não contemplado;CONSORCIO;61142,38
250001931326;IVANETE ARAÃµJO GARCIA BELIZARIO;BOITUVA;VEREADOR;PRD;Terreno;50% TERRENO;24596,00
250001931655;JOSÃµ CARLOS DE ARAUJO SILVA;BOITUVA;VEREADOR;SOLIDARIEDADE;Caderneta de poupança;Poupança no banco Caixa Economica Federal;1186,78
250001931655;JOSÃµ CARLOS DE ARAUJO SILVA;BOITUVA;VEREADOR;SOLIDARIEDADE;Caderneta de poupança;Poupança no Banco Bradesco;12843,83
250001931655;JOSÃµ CARLOS DE ARAUJO SILVA;BOITUVA;VEREADOR;SOLIDARIEDADE;Terreno;um lote de terreno localizado na cidade de Boituva;35000,00
250001931655;JOSÃµ CARLOS DE ARAUJO SILVA;BOITUVA;VEREADOR;SOLIDARIEDADE;Casa;Um imovel residencial localizado no parque novo mundo na cidade de Boituva.;31000,00
250001931655;JOSÃµ CARLOS DE ARAUJO SILVA;BOITUVA;VEREADOR;SOLIDARIEDADE;Casa;Imovel residencial localizado na cidade de Boituva;50000,00
250001931715;FLÃµVIO NUNES DE LIMA;BOITUVA;VEREADOR;REPUBLICANOS;Depósito bancário em conta corrente no País;NUMERÁRIO EM MEU PODER;1200,00
250001931715;FLÃµVIO NUNES DE LIMA;BOITUVA;VEREADOR;REPUBLICANOS;Terreno;50% DE TERRENO EM BOITUVA;23993,25
250001931864;CLAUDINEI FERREIRA SOARES;BOITUVA;VEREADOR;PP;Depósito bancário em conta corrente no País;saldo em conta;12310,00
250001931864;CLAUDINEI FERREIRA SOARES;BOITUVA;VEREADOR;PP;Veículo automotor terrestre: caminhão, automóvel, moto, etc.;motocicleta;16000,00
250001931864;CLAUDINEI FERREIRA SOARES;BOITUVA;VEREADOR;PP;Veículo automotor terrestre: caminhão, automóvel, moto, etc.;carro;25500,00
250001931864;CLAUDINEI FERREIRA SOARES;BOITUVA;VEREADOR;PP;Aplicação de renda fixa (CDB, RDB e outros);conta banco do brasil;26000,00
250001931710;GERSON BERNARDO DE LIMA;BOITUVA;VEREADOR;REPUBLICANOS;Veículo automotor terrestre: caminhão, automóvel, moto, etc.;VEICULO ;24000,00
250001931710;GERSON BERNARDO DE LIMA;BOITUVA;VEREADOR;REPUBLICANOS;Casa;CASA CIDADE DE BOITUVA;400000,00
250001931869;EDVIRGES APARECIDA DE CARVALHO MALLIO;BOITUVA;VEREADOR;PP;Outros fundos;conta capital sicredi;271,00
250001931869;EDVIRGES APARECIDA DE CARVALHO MALLIO;BOITUVA;VEREADOR;PP;Caderneta de poupança;poupança ;105,00
250001931869;EDVIRGES APARECIDA DE CARVALHO MALLIO;BOITUVA;VEREADOR;PP;Outras aplicações e Investimentos;10% cotas;3000,00
250001931869;EDVIRGES APARECIDA DE CARVALHO MALLIO;BOITUVA;VEREADOR;PP;Outras aplicações e Investimentos;50% cotas da empresa ;25000,00
250001931869;EDVIRGES APARECIDA DE CARVALHO MALLIO;BOITUVA;VEREADOR;PP;Depósito bancário em conta corrente no País;conta corrente;71,00
250001931869;EDVIRGES APARECIDA DE CARVALHO MALLIO;BOITUVA;VEREADOR;PP;Aplicação de renda fixa (CDB, RDB e outros);aplicação;841,00
250001931575;JOSÃµ ADALBERTO DA SILVA;BOITUVA;VEREADOR;CIDADANIA;OUTROS BENS E DIREITOS;capital da empresa academia;15000,00
250001931575;JOSÃµ ADALBERTO DA SILVA;BOITUVA;VEREADOR;CIDADANIA;OUTROS BENS E DIREITOS;conta corrente;15700,00
250001931575;JOSÃµ ADALBERTO DA SILVA;BOITUVA;VEREADOR;CIDADANIA;Veículo automotor terrestre: caminhão, automóvel, moto, etc.;moto;30000,00
250001931700;PAULO SERGIO SANTOS DA SILVA;BOITUVA;VEREADOR;PODE;Veículo automotor terrestre: caminhão, automóvel, moto, etc.;Moto ;8000,00
250001931700;PAULO SERGIO SANTOS DA SILVA;BOITUVA;VEREADOR;PODE;Casa;uma casa na cidade de Boituva ;360000,00
250001931765;KATIA CRISTINA CHAGAS VASTA;BOITUVA;VEREADOR;PSD;OUTROS BENS E DIREITOS;5% DE COTA DE CAPITAL SOCIAL ;5000,00
250001931765;KATIA CRISTINA CHAGAS VASTA;BOITUVA;VEREADOR;PSD;OUTROS BENS E DIREITOS;EMPRÉSTIMO  PESSOAL ;3326,80
250001931580;NELSON MACIEL DE GOES;BOITUVA;VEREADOR;CIDADANIA;Veículo automotor terrestre: caminhão, automóvel, moto, etc.;carro;78141,72
250001931580;NELSON MACIEL DE GOES;BOITUVA;VEREADOR;CIDADANIA;Depósito bancário em conta corrente no País;saldo em conta;2950,08
250001931580;NELSON MACIEL DE GOES;BOITUVA;VEREADOR;CIDADANIA;Depósito bancário em conta corrente no País;saldo em conta;7,52
250001931580;NELSON MACIEL DE GOES;BOITUVA;VEREADOR;CIDADANIA;Depósito bancário em conta corrente no País;numerario;12500,00
250001931576;IRAN FRANCISCO BISPO;BOITUVA;VEREADOR;CIDADANIA;Apartamento;CONDOMINIO RECANTO DOS PASSAROS;39000,00
250002139313;ERIK SCAGLIONE;BOITUVA;VEREADOR;MDB;Veículo automotor terrestre: caminhão, automóvel, moto, etc.;Automovel Onix 2013/2014;36723,00
250002139318;CLAUDIO ALBERTO FERNANDES;BOITUVA;VEREADOR;MDB;Veículo automotor terrestre: caminhão, automóvel, moto, etc.;Veiculo Renault Logan 2011;25000,00
250002139318;CLAUDIO ALBERTO FERNANDES;BOITUVA;VEREADOR;MDB;Outras aplicações e Investimentos;Ativos financeiros;240000,00
250002139318;CLAUDIO ALBERTO FERNANDES;BOITUVA;VEREADOR;MDB;Casa;Imovel Residencial;1200000,00
250002140567;CLAUDIA ROGERIO DE SOUZA;BOITUVA;VICE-PREFEITO;MDB;Veículo automotor terrestre: caminhão, automóvel, moto, etc.;1 Carro Palio Weekend ELX;10000,00
250002130384;PRISCILA DE PAULA;BOITUVA;VEREADOR;PL;Depósito bancário em conta corrente no País;Conta RecargaPay ;7487,00
250002139310;ANDREO ASSIS BINI DOS SANTOS;BOITUVA;VEREADOR;MDB;Veículo automotor terrestre: caminhão, automóvel, moto, etc.;Carro Chevrolet Agile;30000,00
250002130379;ALEXANDRE CARVALHO REGGIANI;BOITUVA;VEREADOR;PL;Veículo automotor terrestre: caminhão, automóvel, moto, etc.;Jeep Compass 2022;180000,00
250002130379;ALEXANDRE CARVALHO REGGIANI;BOITUVA;VEREADOR;PL;Veículo automotor terrestre: caminhão, automóvel, moto, etc.;Chevrolet Onix 2020;80000,00
250002130379;ALEXANDRE CARVALHO REGGIANI;BOITUVA;VEREADOR;PL;Veículo automotor terrestre: caminhão, automóvel, moto, etc.;Chevrolet Opala 1989;70000,00
250002130379;ALEXANDRE CARVALHO REGGIANI;BOITUVA;VEREADOR;PL;Veículo automotor terrestre: caminhão, automóvel, moto, etc.;Volkswagen Saveiro 1996;60000,00
250002130379;ALEXANDRE CARVALHO REGGIANI;BOITUVA;VEREADOR;PL;Galpão;Avenida Professora Célia Lourdes Vercellino, n 1815 - Boituva/SP;1200000,00
250002130379;ALEXANDRE CARVALHO REGGIANI;BOITUVA;VEREADOR;PL;Galpão;Avenida Professora Célia Lourdes Vercellino, n 1845 - Boituva/SP;1000000,00
250002130379;ALEXANDRE CARVALHO REGGIANI;BOITUVA;VEREADOR;PL;Depósito bancário em conta corrente no País;Saldo em conta - Banco Itaú;20000,00
250002130379;ALEXANDRE CARVALHO REGGIANI;BOITUVA;VEREADOR;PL;Terreno;Rua Bruno Maria de Fátima Becca, QD 09 LT 04 - Boituva/SP;210000,00
250002130379;ALEXANDRE CARVALHO REGGIANI;BOITUVA;VEREADOR;PL;Terreno;Rua Bruno Maria de Fátima Becca, QD 09 LT 03 - Boituva/SP;220000,00
250002130379;ALEXANDRE CARVALHO REGGIANI;BOITUVA;VEREADOR;PL;Casa;Imóvel no Residencial Portal do Lagos - Boituva/SP;2000000,00
250002130379;ALEXANDRE CARVALHO REGGIANI;BOITUVA;VEREADOR;PL;Casa;Imóvel na Rua Dorélio Lopes Cardoso - Boituva/SP;450000,00
250002130051;SERGIO ROBERTO DE LIMA E SILVA FILHO;BOITUVA;VICE-PREFEITO;PL;Crédito decorrente de empréstimo;Empréstimo para pessoa física;55000,00
250002130051;SERGIO ROBERTO DE LIMA E SILVA FILHO;BOITUVA;VICE-PREFEITO;PL;Ações (inclusive as provenientes de linha telefônica);Ações Itaú;22977,00
250002130051;SERGIO ROBERTO DE LIMA E SILVA FILHO;BOITUVA;VICE-PREFEITO;PL;Ações (inclusive as provenientes de linha telefônica);Ações - Azul;3303,00
250002130051;SERGIO ROBERTO DE LIMA E SILVA FILHO;BOITUVA;VICE-PREFEITO;PL;Ações (inclusive as provenientes de linha telefônica);Ações Magazine Luiza;5480,00
250002130051;SERGIO ROBERTO DE LIMA E SILVA FILHO;BOITUVA;VICE-PREFEITO;PL;Quotas ou quinhões de capital;14250 de quotas da Empresa Agipro Sistemas Computacionais;14250,00
250002130051;SERGIO ROBERTO DE LIMA E SILVA FILHO;BOITUVA;VICE-PREFEITO;PL;Quotas ou quinhões de capital;Quotas de capital da empresa SRAM;950,00
250002130051;SERGIO ROBERTO DE LIMA E SILVA FILHO;BOITUVA;VICE-PREFEITO;PL;Quotas ou quinhões de capital;Quotas de capital da empresa RFLS Serv;1000,00
250002130051;SERGIO ROBERTO DE LIMA E SILVA FILHO;BOITUVA;VICE-PREFEITO;PL;Quotas ou quinhões de capital;Quotas de fundos Tellus Prop. ;18762,80
250002130051;SERGIO ROBERTO DE LIMA E SILVA FILHO;BOITUVA;VICE-PREFEITO;PL;Quotas ou quinhões de capital;Quotas FII Pactual Fund Brcr11;18950,40
250002130051;SERGIO ROBERTO DE LIMA E SILVA FILHO;BOITUVA;VICE-PREFEITO;PL;Quotas ou quinhões de capital;Quotas de fundos General Shopping ;2000,00
250002130051;SERGIO ROBERTO DE LIMA E SILVA FILHO;BOITUVA;VICE-PREFEITO;PL;Quotas ou quinhões de capital;Quotas de fundos BTG Pactual Cred Imob (esposa);13104,18
250002130051;SERGIO ROBERTO DE LIMA E SILVA FILHO;BOITUVA;VICE-PREFEITO;PL;Outras participações societárias;Empresa Plurio Soluçoes Digitais;10000,00
250002130051;SERGIO ROBERTO DE LIMA E SILVA FILHO;BOITUVA;VICE-PREFEITO;PL;Veículo automotor terrestre: caminhão, automóvel, moto, etc.;Nissan Tiida ;40300,00
250002130051;SERGIO ROBERTO DE LIMA E SILVA FILHO;BOITUVA;VICE-PREFEITO;PL;Veículo automotor terrestre: caminhão, automóvel, moto, etc.;Nissan Versa - 2021;80500,00
250002130051;SERGIO ROBERTO DE LIMA E SILVA FILHO;BOITUVA;VICE-PREFEITO;PL;Veículo automotor terrestre: caminhão, automóvel, moto, etc.;Nissan Kicks Advance - 2023;129735,00
250002130051;SERGIO ROBERTO DE LIMA E SILVA FILHO;BOITUVA;VICE-PREFEITO;PL;Caderneta de poupança;Saldo em conta - Banco do Brasil;9400,48
250002130051;SERGIO ROBERTO DE LIMA E SILVA FILHO;BOITUVA;VICE-PREFEITO;PL;Depósito bancário em conta corrente no País;Saldo em conta - Caixa Economica Federal;3960,15
250002130051;SERGIO ROBERTO DE LIMA E SILVA FILHO;BOITUVA;VICE-PREFEITO;PL;Depósito bancário em conta corrente no País;Saldo em conta (esposa);9084,29
250002130051;SERGIO ROBERTO DE LIMA E SILVA FILHO;BOITUVA;VICE-PREFEITO;PL;Depósito bancário em conta corrente no País;Saldo em conta - Banco C6;1515,64
250002130051;SERGIO ROBERTO DE LIMA E SILVA FILHO;BOITUVA;VICE-PREFEITO;PL;Depósito bancário em conta corrente no País;Saldo em conta corrente Nu Invest;2610,52
250002130051;SERGIO ROBERTO DE LIMA E SILVA FILHO;BOITUVA;VICE-PREFEITO;PL;Depósito bancário em conta corrente no País;Saldo em conta Nu Invest (esposa);1292,94
250002130051;SERGIO ROBERTO DE LIMA E SILVA FILHO;BOITUVA;VICE-PREFEITO;PL;Terreno;Rua Madalena Franco de Moares Miranda - Boituva/SP;14436,86
250002130051;SERGIO ROBERTO DE LIMA E SILVA FILHO;BOITUVA;VICE-PREFEITO;PL;Terreno;Lote com construção no Portal Ville Jardins - Boituva/SP;765943,28
250002130051;SERGIO ROBERTO DE LIMA E SILVA FILHO;BOITUVA;VICE-PREFEITO;PL;Terreno;Lote na Reserva dos Ipes - Boituva/SP;105728,03
250002130051;SERGIO ROBERTO DE LIMA E SILVA FILHO;BOITUVA;VICE-PREFEITO;PL;Aplicação de renda fixa (CDB, RDB e outros);Banco C6;7495,00
250002130051;SERGIO ROBERTO DE LIMA E SILVA FILHO;BOITUVA;VICE-PREFEITO;PL;Aplicação de renda fixa (CDB, RDB e outros);Banco do Brasil;35033,93
250002130051;SERGIO ROBERTO DE LIMA E SILVA FILHO;BOITUVA;VICE-PREFEITO;PL;Dinheiro em espécie - moeda nacional;Dinheiro em espécie;25000,00
250002130051;SERGIO ROBERTO DE LIMA E SILVA FILHO;BOITUVA;VICE-PREFEITO;PL;Casa;Imóvel na Rua Expedicionário Souza Filho - Boituva/SP;6019,03
250002130051;SERGIO ROBERTO DE LIMA E SILVA FILHO;BOITUVA;VICE-PREFEITO;PL;Casa;Imóvel no Jardim Oreana - Boituva/SP;58187,37
250002130051;SERGIO ROBERTO DE LIMA E SILVA FILHO;BOITUVA;VICE-PREFEITO;PL;Apartamento;Edifício Blue Garden - Florianópolis/SC;286000,00
250002130375;ENILTON FERREIRA SOARES;BOITUVA;VEREADOR;PL;Veículo automotor terrestre: caminhão, automóvel, moto, etc.;Land Rover Evoque 2016;140000,00
250002130375;ENILTON FERREIRA SOARES;BOITUVA;VEREADOR;PL;Apartamento;Condomínio Recanto dos Passáros - Boituva/SP;200000,00
250002130376;MATEUS NASCIMENTO MACHADO;BOITUVA;VEREADOR;PL;Caderneta de poupança;Saldo em conta ;20000,00
250002130376;MATEUS NASCIMENTO MACHADO;BOITUVA;VEREADOR;PL;Apartamento;Apartamento na Rua Moacir Amadei - Boituva/SP;130000,00
250001931572;LEVI PEREIRA CAMARGO JUNIOR;BOITUVA;VEREADOR;CIDADANIA;Depósito bancário em conta corrente no País;saldo;47,59
250001931572;LEVI PEREIRA CAMARGO JUNIOR;BOITUVA;VEREADOR;CIDADANIA;Depósito bancário em conta corrente no País;saldo em conta;1795,42
250001931572;LEVI PEREIRA CAMARGO JUNIOR;BOITUVA;VEREADOR;CIDADANIA;Depósito bancário em conta corrente no País;saldo em conta;642,20
250001931572;LEVI PEREIRA CAMARGO JUNIOR;BOITUVA;VEREADOR;CIDADANIA;Casa;CASA NA CIDADE DE BOITUVA;118933,00
250001931577;DIOGO DE MATOS;BOITUVA;VEREADOR;CIDADANIA;Veículo automotor terrestre: caminhão, automóvel, moto, etc.;CARRO;50000,00
250001931577;DIOGO DE MATOS;BOITUVA;VEREADOR;CIDADANIA;Veículo automotor terrestre: caminhão, automóvel, moto, etc.;MOTO;11000,00
250001931577;DIOGO DE MATOS;BOITUVA;VEREADOR;CIDADANIA;Terreno;LOTE LOCALIZADO NO MUNCIPIO DE BOITUVA;100000,00
250001931768;SERGIO POMPEU DA SILVA;BOITUVA;VEREADOR;PSD;Outros bens imóveis;IMÓVEL RESIDENCIAL EM CAIEIRAS SP;150000,00
250001931768;SERGIO POMPEU DA SILVA;BOITUVA;VEREADOR;PSD;OUTROS BENS E DIREITOS;50% DE PARTICIPAÇÃO EM EMPRESA ;15000,00
250001931768;SERGIO POMPEU DA SILVA;BOITUVA;VEREADOR;PSD;Veículo automotor terrestre: caminhão, automóvel, moto, etc.;VEÍCULO TIPO CARRO;10000,00
250001931768;SERGIO POMPEU DA SILVA;BOITUVA;VEREADOR;PSD;Veículo automotor terrestre: caminhão, automóvel, moto, etc.;VEÍCULO TIPO CARRO FIAT;16500,00
250001931709;VALDIR LUIZ PROVASI;BOITUVA;VEREADOR;REPUBLICANOS;OUTROS BENS E DIREITOS;PARTICIPAÇÃO EM EMPRESA ;5000,00
250001931709;VALDIR LUIZ PROVASI;BOITUVA;VEREADOR;REPUBLICANOS;Galpão;GALPAO;307000,00
250001931709;VALDIR LUIZ PROVASI;BOITUVA;VEREADOR;REPUBLICANOS;Depósito bancário em conta corrente no País;NUMERÁRIO EM MEU PODER;188,57
250001931709;VALDIR LUIZ PROVASI;BOITUVA;VEREADOR;REPUBLICANOS;Depósito bancário em conta corrente no País;NUMERÁRIO EM MEU PODER;41,81
250001931709;VALDIR LUIZ PROVASI;BOITUVA;VEREADOR;REPUBLICANOS;Depósito bancário em conta corrente no País;NUMERÁRIO EM MEU PODER;1993,69
250001931709;VALDIR LUIZ PROVASI;BOITUVA;VEREADOR;REPUBLICANOS;Depósito bancário em conta corrente no País;NUMERÁRIO EM MEU PODER;30000,00
250001931709;VALDIR LUIZ PROVASI;BOITUVA;VEREADOR;REPUBLICANOS;Depósito bancário em conta corrente no País;NUMERÁRIO EM MEU PODER;1,00
250001931709;VALDIR LUIZ PROVASI;BOITUVA;VEREADOR;REPUBLICANOS;Depósito bancário em conta corrente no País;NUMERÁRIO EM MEU PODER;10000,00
250001931709;VALDIR LUIZ PROVASI;BOITUVA;VEREADOR;REPUBLICANOS;Terreno;1/5 DE LOTE DE TERRENO EM CESÁRIO LANGE;138936,40
250001931709;VALDIR LUIZ PROVASI;BOITUVA;VEREADOR;REPUBLICANOS;Terreno;1/5 DE TERRENO EM CERQUILHO SP;53530,00
250001931709;VALDIR LUIZ PROVASI;BOITUVA;VEREADOR;REPUBLICANOS;Terreno;LOTE DE TERRENO EM BOITUVA SP;232092,31
250001931709;VALDIR LUIZ PROVASI;BOITUVA;VEREADOR;REPUBLICANOS;Veículo automotor terrestre: caminhão, automóvel, moto, etc.;AUTOMÓVEL FIAT  2016/2017;25000,00
250001931709;VALDIR LUIZ PROVASI;BOITUVA;VEREADOR;REPUBLICANOS;Casa;IMOVEL RESIDENCIAL;82249,56
250001931709;VALDIR LUIZ PROVASI;BOITUVA;VEREADOR;REPUBLICANOS;Casa;IMOVEL RESIDENCIAL ;76586,25
250001931709;VALDIR LUIZ PROVASI;BOITUVA;VEREADOR;REPUBLICANOS;Casa;IMOVEL RESIDENCIAL;93600,00
250001931661;RODRIGO CALZZETTA FREIRE;BOITUVA;VEREADOR;SOLIDARIEDADE;Veículo automotor terrestre: caminhão, automóvel, moto, etc.;Automovel Nissan Versa ;43600,00
250001931661;RODRIGO CALZZETTA FREIRE;BOITUVA;VEREADOR;SOLIDARIEDADE;Veículo automotor terrestre: caminhão, automóvel, moto, etc.;Autmovel marca Peugeot;26000,00
250001931661;RODRIGO CALZZETTA FREIRE;BOITUVA;VEREADOR;SOLIDARIEDADE;Depósito bancário em conta corrente no País;Credio em conta Corrente;804,58
250001931661;RODRIGO CALZZETTA FREIRE;BOITUVA;VEREADOR;SOLIDARIEDADE;Depósito bancário em conta corrente no País;Credito em conta Corrente no banco do Brasil;1200,92
250001931380;JACSON GOMES DOS SANTOS;BOITUVA;VEREADOR;UNIÃµO;Veículo automotor terrestre: caminhão, automóvel, moto, etc.;eco sport 2005;24000,00
250001931377;ÃµRCIO PINTO;BOITUVA;VEREADOR;UNIÃµO;Veículo automotor terrestre: caminhão, automóvel, moto, etc.;CARRO VOLKSWAGEN  VOYAGE;32800,00
250001931581;VANILDO DE BARROS;BOITUVA;VEREADOR;CIDADANIA;Veículo automotor terrestre: caminhão, automóvel, moto, etc.;carro;35000,00
250001931581;VANILDO DE BARROS;BOITUVA;VEREADOR;CIDADANIA;Depósito bancário em conta corrente no País;saldo em conta;1400,57
250001931581;VANILDO DE BARROS;BOITUVA;VEREADOR;CIDADANIA;Terreno;lote municipio de boituva;200000,00
250001931581;VANILDO DE BARROS;BOITUVA;VEREADOR;CIDADANIA;Apartamento;municipio de boituva;210820,93
250001931375;NOEMIA GENARO NUNES DE SOUZA;BOITUVA;VEREADOR;UNIÃµO;Depósito bancário em conta corrente no País;NUMERARIO EM MEU PODER EM CONTA BANCÁRIA;166530,00
250001931696;KARLA PATRICIA DE SOUZA CARVALHO;BOITUVA;VEREADOR;PODE;Veículo automotor terrestre: caminhão, automóvel, moto, etc.;Veiculo fiat Ducato ;60000,00
250001931861;SERGIO ANTONIO DA SILVA;BOITUVA;VEREADOR;PP;Veículo automotor terrestre: caminhão, automóvel, moto, etc.;moto;15000,00
250001931861;SERGIO ANTONIO DA SILVA;BOITUVA;VEREADOR;PP;Veículo automotor terrestre: caminhão, automóvel, moto, etc.;carro;53000,00
250001931570;CELSO SCOMPARIM;BOITUVA;VEREADOR;CIDADANIA;Veículo automotor terrestre: caminhão, automóvel, moto, etc.;moto;4500,00
250001931570;CELSO SCOMPARIM;BOITUVA;VEREADOR;CIDADANIA;Depósito bancário em conta corrente no País;numerario depositado banco santander;11591,00
250001931570;CELSO SCOMPARIM;BOITUVA;VEREADOR;CIDADANIA;Casa;imovel residencial ;50000,00
250001931718;EDVANEIDE LOPES NASCIMENTO;BOITUVA;VEREADOR;REPUBLICANOS;Veículo automotor terrestre: caminhão, automóvel, moto, etc.;HONDA BIZ 2003;6353,00
250002140568;TIAGO DE CASTRO SOUZA;BOITUVA;PREFEITO;MDB;Outras participações societárias;Proprietario da academia Fit Brasil;200000,00
250002140568;TIAGO DE CASTRO SOUZA;BOITUVA;PREFEITO;MDB;Outras aplicações e Investimentos;Aplicação financeira;20000,00
250002140568;TIAGO DE CASTRO SOUZA;BOITUVA;PREFEITO;MDB;Veículo automotor terrestre: caminhão, automóvel, moto, etc.;Veiculo Renault Logan;20000,00
250002139319;TAIS DA SILVA MELLO;BOITUVA;VEREADOR;MDB;Outras participações societárias;Empresa HB Centro de Formação Profissional Ltda ME;30000,00
250002130880;JUVERSI DOS SANTOS SILVA;BOITUVA;VEREADOR;PSB;Veículo automotor terrestre: caminhão, automóvel, moto, etc.;Parati - 1995;18500,00
250002130878;REGINALDO APARECIDO GUILHERME;BOITUVA;VEREADOR;PSB;Depósito bancário em conta corrente no País;Saldo em conta - Bradesco;3500,00
