SQ_CANDIDATO;NM_CANDIDATO;NM_URNA_CANDIDATO;NM_SOCIAL_CANDIDATO;SG_PARTIDO;Total de Bens;DS_GENERO;DS_GRAU_INSTRUCAO;DS_COR_RACA;DS_OCUPACAO
250001931712;CLAUDIMARA DANIELA GASPARIN;DANY GASPARIN;#NULO#;REPUBLICANOS;0.0;FEMININO;ENSINO FUNDAMENTAL COMPLETO;BRANCA;APOSENTADO (EXCETO SERVIDOR PÃµBLICO)
250001931763;LUIS OTAVIO CORREA VIEIRA;LUIS VIEIRA;#NULO#;PSD;55928.3;MASCULINO;SUPERIOR COMPLETO;BRANCA;EMPRESÃµRIO
250001931579;CARLOS FERREIRA DOS SANTOS;FERREIRA;#NULO#;CIDADANIA;900000.0;MASCULINO;SUPERIOR INCOMPLETO;PRETA;PUBLICITÃµRIO
250001931667;ROSIMEIRE DA SILVA NASCIMENTO;LINDINHA ROSIMEIRE;#NULO#;SOLIDARIEDADE;0.0;FEMININO;SUPERIOR COMPLETO;BRANCA;COMERCIANTE
250002139311;LUCAS VICENTE LOPES NETTO;LUCAS DA AUTO ESCOLA;#NULO#;MDB;200000.0;MASCULINO;SUPERIOR COMPLETO;NÃµO INFORMADO;OUTROS
250001931328;ANDERSON DAVI NOGUEIRA MARTINS;ANDERSON MARTINS;#NULO#;PRD;0.0;MASCULINO;SUPERIOR INCOMPLETO;PARDA;EMPRESÃµRIO
250002139315;ROSEMARY BARROS SILVA;ROSE BARROS;#NULO#;MDB;47000.0;FEMININO;ENSINO MÃµDIO COMPLETO;NÃµO INFORMADO;CORRETOR DE IMÃµVEIS, SEGUROS, TÃµTULOS E VALORES
250002138896;ARÃµO AMORIM DOS SANTOS;ARÃµO AMORIM;#NULO#;AVANTE;6000.0;MASCULINO;ENSINO MÃµDIO COMPLETO;NÃµO INFORMADO;TRABALHADOR DE CONSTRUÃ§ÃµO CIVIL
250002138885;JEFFERSON COVRE;COVRE;#NULO#;AVANTE;68000.0;MASCULINO;SUPERIOR COMPLETO;NÃµO INFORMADO;ADVOGADO
250002130883;JOSÃµ MARIA CANCIAN;JOSÃµ CANCIAN;#NULO#;PSB;1900.0;MASCULINO;ENSINO FUNDAMENTAL INCOMPLETO;BRANCA;APOSENTADO (EXCETO SERVIDOR PÃµBLICO)
250001931719;MARCELO AZEREDO KOBAYASHI FOGAÃµA;MARCELO FOGAÃµA;#NULO#;REPUBLICANOS;0.0;MASCULINO;ENSINO MÃµDIO INCOMPLETO;BRANCA;PUBLICITÃµRIO
250001931657;SANDRA LÃµCIA DE SOUZA;SANDRA LUCIA;#NULO#;SOLIDARIEDADE;0.0;FEMININO;ENSINO MÃµDIO INCOMPLETO;PARDA;COMERCIANTE
250001931767;MATIAS GONZAGA;MATIAS KARATE;#NULO#;PSD;0.0;MASCULINO;ENSINO MÃµDIO INCOMPLETO;PRETA;SERVIDOR PÃµBLICO MUNICIPAL
250001931858;FERNANDO RIBEIRO NEVES;FERNANDO DA INFINITO AZUL;#NULO#;PP;370000.0;MASCULINO;ENSINO MÃµDIO COMPLETO;BRANCA;TORNEIRO MECÃµNICO
250001931368;LUIZ CRISPIM DA SILVA;CRISPIM;#NULO#;UNIÃµO;3785240.23;MASCULINO;ENSINO FUNDAMENTAL INCOMPLETO;BRANCA;EMPRESÃµRIO
250001931704;TIAGO JOSE LEME LISBOA;TIAGO BOMBEIRO;#NULO#;PODE;285500.0;MASCULINO;ENSINO MÃµDIO COMPLETO;PRETA;BOMBEIRO CIVIL
250001931692;LUIS GUSTAVO JUREMA FERREIRA;GUSTAVO JUREMA;#NULO#;PODE;21596.22;MASCULINO;SUPERIOR COMPLETO;PARDA;CORRETOR DE IMÃµVEIS, SEGUROS, TÃµTULOS E VALORES
250001931766;ODAIR LOPES DE ALENCAR;ODAIR DA CASA DO NORTE;#NULO#;PSD;26373.12;MASCULINO;ENSINO MÃµDIO COMPLETO;BRANCA;EMPRESÃµRIO
250001931371;ADILSON APARECIDO LEITE;ADILSON LEITE ELETRICISTA;#NULO#;UNIÃµO;140000.0;MASCULINO;ENSINO MÃµDIO COMPLETO;BRANCA;ELETRICISTA E ASSEMELHADOS
250001931863;BYVAR CAVALCANTE DE ARAUJO;BYVAR CAVALCANTE;#NULO#;PP;57000.0;MASCULINO;ENSINO FUNDAMENTAL INCOMPLETO;BRANCA;COMERCIANTE
250001931666;EUSÃµBIO RAIMUNDO FRANÃµA;EUSEBIO FRANÃµA;#NULO#;SOLIDARIEDADE;45772.53999999999;MASCULINO;ENSINO FUNDAMENTAL COMPLETO;BRANCA;ALMOXARIFE
250001931757;FRANCISCO LUCIELTON MARTINS;BOMBEIRO MARTINS;#NULO#;PSD;268969.18;MASCULINO;SUPERIOR COMPLETO;BRANCA;BOMBEIRO MILITAR
250001931713;MARCOS REGINALDO CALDEIRA;MARCOS CALDEIRA;#NULO#;REPUBLICANOS;64308.72;MASCULINO;SUPERIOR COMPLETO;BRANCA;SERVIDOR PÃµBLICO MUNICIPAL
250001931868;DAVID MACHADO;DAVID MACHADO DO UBER;#NULO#;PP;4102.7;MASCULINO;ENSINO MÃµDIO COMPLETO;BRANCA;MOTORISTA DE VEÃµCULOS DE TRANSPORTE COLETIVO DE PASSAGEIROS
250001931702;GILMAR BERNARDO DE LIMA;GILMAR PINTOR;#NULO#;PODE;0.0;MASCULINO;ENSINO MÃµDIO COMPLETO;PARDA;OUTROS
250002138887;ANDRESSA CRISTINA PENTEADO;ANDRESSA PENTEADO;#NULO#;AVANTE;0.0;FEMININO;ENSINO FUNDAMENTAL COMPLETO;NÃµO INFORMADO;ADMINISTRADOR
250002139309;KARIN COMPORTO SILVA;KARIN COMPORTO;#NULO#;MDB;90628.52;FEMININO;SUPERIOR COMPLETO;NÃµO INFORMADO;PEDAGOGO
250002138883;ÃµDERSON APARECIDO JOAQUIM PANTOJO;BOMBEIRO CIVIL PANTOJO;#NULO#;AVANTE;8527.0;MASCULINO;ENSINO MÃµDIO COMPLETO;NÃµO INFORMADO;BOMBEIRO CIVIL
250002130378;ERIK LUIZ LOPES CARDOSO;ERIK CARDOSO;#NULO#;PL;250000.0;MASCULINO;SUPERIOR INCOMPLETO;BRANCA;MONTADOR DE ESTRUTURA METÃµLICA
250002130377;IRANI APARECIDA MARSON;IRANI MARSON;#NULO#;PL;482233.77;FEMININO;ENSINO MÃµDIO COMPLETO;BRANCA;VEREADOR
250002130388;JULIANA MARINEIDE GOUVEIA DA SILVA;JULIANA GOUVEIA;#NULO#;PL;18500.0;FEMININO;ENSINO MÃµDIO INCOMPLETO;PRETA;DONA DE CASA
250002130874;ROSA ANTONIA DE MORAIS GUERREIRO;ROSA;#NULO#;PSB;0.0;FEMININO;ENSINO FUNDAMENTAL INCOMPLETO;PARDA;OUTROS
250001931320;JOSÃµ APARECIDO NESTAL;JOSÃµ NESTAL  TONICO;#NULO#;PRD;225000.0;MASCULINO;SUPERIOR INCOMPLETO;BRANCA;CORRETOR DE IMÃµVEIS, SEGUROS, TÃµTULOS E VALORES
250001931758;PEDRO TEODORO FILHO;PEDRINHO GAS;#NULO#;PSD;0.0;MASCULINO;SUPERIOR COMPLETO;PARDA;EMPRESÃµRIO
250001931367;ANDREIA TAMIRES NUNES SIQUEIRA;PASTORA ANDREIA SIQUEIRA;#NULO#;UNIÃµO;0.0;FEMININO;ENSINO MÃµDIO COMPLETO;BRANCA;AGENTE POSTAL
250001931582;MARTINA DE LOURDES NOGUEIRA SIMÃµO;MARTINA;#NULO#;CIDADANIA;55000.0;FEMININO;SUPERIOR COMPLETO;BRANCA;OUTROS
250001931662;GISELE ALVES DOS SANTOS;GISELE INSTRUTORA;#NULO#;SOLIDARIEDADE;423085.0;FEMININO;SUPERIOR INCOMPLETO;BRANCA;OUTROS
250001931760;MARIA CECILIA PACHECO;CECILIA PACHECO;#NULO#;PSD;89550.67;FEMININO;SUPERIOR COMPLETO;BRANCA;ADVOGADO
250001931373;LEONARDO MARCOS BATISTA FIGUEIREDO;LEO DO TAEKWONDO;#NULO#;UNIÃµO;0.0;MASCULINO;ENSINO MÃµDIO COMPLETO;PARDA;TÃµCNICO DE OBRAS CIVIS, ESTRADAS, SANEAMENTO E ASSEMELHADOS
250001931664;GELIANE PEDROZO PATINETI;GELIANE LAR SANTA IZABEL;#NULO#;SOLIDARIEDADE;350000.0;FEMININO;ENSINO MÃµDIO COMPLETO;BRANCA;EMPRESÃµRIO
250001931708;EDIRLENE TERESINHA DE FERRIELLO;EDIRLENE FERRIELLO;#NULO#;REPUBLICANOS;74506.89;FEMININO;SUPERIOR COMPLETO;BRANCA;DIRETOR DE ESTABELECIMENTO DE ENSINO
250001931660;EDMILSON DA SILVA ANDRADE;MANCHA MOTORISTA DA SAÃµDE;#NULO#;SOLIDARIEDADE;0.0;MASCULINO;ENSINO MÃµDIO COMPLETO;BRANCA;MOTORISTA DE VEÃµCULOS DE TRANSPORTE COLETIVO DE PASSAGEIROS
250001931321;LAIS MARIANA GIANOTTI;LAIS GIANOTTI;#NULO#;PRD;500000.0;FEMININO;SUPERIOR COMPLETO;BRANCA;EMPRESÃµRIO
250001931695;JOSE RAIMUNDO DA SILVA ROMERO;ZÃµ RAIMUNDO ALMADINA;#NULO#;PODE;76031.0;MASCULINO;ENSINO MÃµDIO COMPLETO;PARDA;OUTROS
250002138893;PATRÃµCIA DE OLIVEIRA CASSIANO;PATRÃµCIA O CASSIANO;#NULO#;AVANTE;0.0;FEMININO;SUPERIOR INCOMPLETO;NÃµO INFORMADO;AGENTE ADMINISTRATIVO
250002138886;LUAN MENEZES PAIVA DE OLIVEIRA;LUAN MENEZES;#NULO#;AVANTE;160000.0;MASCULINO;SUPERIOR COMPLETO;NÃµO INFORMADO;OUTROS
250002130381;MARCELO DOS SANTOS SILVA;MARCELO SANTOS;#NULO#;PL;289000.0;MASCULINO;SUPERIOR COMPLETO;PARDA;CORRETOR DE IMÃµVEIS, SEGUROS, TÃµTULOS E VALORES
250002138892;MARCELO HENRIQUE SILVA;MARCELO SILVA;#NULO#;AVANTE;25000.0;MASCULINO;SUPERIOR COMPLETO;NÃµO INFORMADO;OUTROS
250002138894;VERA TEREZA DE MELO;VERA MELO JORNALISTA;#NULO#;AVANTE;1250000.0;FEMININO;SUPERIOR COMPLETO;NÃµO INFORMADO;JORNALISTA E REDATOR
250002130383;CICERA APARECIDA JACINTO VEDESCHI;CICINHA;#NULO#;PL;1381000.0;FEMININO;ENSINO MÃµDIO INCOMPLETO;BRANCA;EMPRESÃµRIO
250002130380;JOSE AMARO ANDRADE;ZÃµ AMARO;#NULO#;PL;951170.64;MASCULINO;SUPERIOR COMPLETO;BRANCA;ADVOGADO
250002130877;CICERO JUVENAL DA SILVA;CICERO BARBEIRO;#NULO#;PSB;290674.0;MASCULINO;ENSINO FUNDAMENTAL COMPLETO;PARDA;CABELEIREIRO E BARBEIRO
250002130882;MATEUS MELARÃµ;MATEUS MELARÃµ;#NULO#;PSB;0.0;MASCULINO;ENSINO MÃµDIO COMPLETO;BRANCA;COMERCIANTE
250001931372;FRANCISCO LUCAS DOS SANTOS;FRANCISCO LUCAS;#NULO#;UNIÃµO;166530.0;MASCULINO;SUPERIOR COMPLETO;PARDA;ADMINISTRADOR
250001931327;PAULO WANDERLEY DE OLIVEIRA FILHO;PROFESSOR PAULINHO;#NULO#;PRD;0.0;MASCULINO;SUPERIOR COMPLETO;BRANCA;PROFESSOR E INSTRUTOR DE FORMAÃ§ÃµO PROFISSIONAL
250001931717;PATRICIA SANTOS MOTA SILVA;PATRICIA DO CARTÃµRIO;#NULO#;REPUBLICANOS;14721.07;FEMININO;SUPERIOR COMPLETO;PARDA;OUTROS
250001931862;NERCI APARECIDA DOS SANTOS;NERCI APARECIDA;#NULO#;PP;0.0;FEMININO;ENSINO MÃµDIO COMPLETO;BRANCA;DONA DE CASA
250001931573;VILMA MORAES DE ARRUDA SOARES;VILMA DA EDUCAÃ§ÃµO;#NULO#;CIDADANIA;1003726.73;FEMININO;SUPERIOR COMPLETO;BRANCA;DIRETOR DE ESTABELECIMENTO DE ENSINO
250001931316;GRACILENA TELES DE MIRANDA;GRACILENA MIRANDA CAUSA ANIMAL;#NULO#;PRD;250000.0;FEMININO;SUPERIOR COMPLETO;BRANCA;VENDEDOR DE COMÃµRCIO VAREJISTA E ATACADISTA
250001931701;ADEMIR ROBERTO CHRISTO;ROBERTINHO CRISTO DA FARMÃµCIA;#NULO#;PODE;261490.82;MASCULINO;SUPERIOR COMPLETO;BRANCA;EMPRESÃµRIO
250001931870;MARCIO APARECIDO MORO;MARCIO DA FARMÃµCIA;#NULO#;PP;625069.0;MASCULINO;SUPERIOR COMPLETO;BRANCA;GERENTE
250001931370;SILMARA LUIZA BIMBATO BINDA;SILMARA BIMBATO;#NULO#;UNIÃµO;36396.82;FEMININO;SUPERIOR COMPLETO;BRANCA;ADMINISTRADOR
250002138895;PAULO HENRIQUE FERNANDES DA CRUZ;PAULINHO;#NULO#;AVANTE;45000.0;MASCULINO;ENSINO MÃµDIO COMPLETO;NÃµO INFORMADO;MOTORISTA PARTICULAR
250001931317;HAROLDO BARBOSA;HAROLDO DO RECANTO MARAVILHA;#NULO#;PRD;1100000.0;MASCULINO;ENSINO MÃµDIO COMPLETO;BRANCA;COMERCIANTE
250001932170;EDSON JOSE MARCUSSO;EDSON MARCUSSO;#NULO#;PSD;403677.76;MASCULINO;SUPERIOR COMPLETO;BRANCA;ADVOGADO
250002139317;ADALBERTO BARBOSA COPPI;COPPI;#NULO#;MDB;67500.0;MASCULINO;ENSINO MÃµDIO COMPLETO;NÃµO INFORMADO;VIGILANTE
250001931319;JAIR APARECIDO MIRANDA DE LIMA;JAIR MIRANDA;#NULO#;PRD;289781.4;MASCULINO;ENSINO MÃµDIO COMPLETO;BRANCA;APOSENTADO (EXCETO SERVIDOR PÃµBLICO)
250001931761;WILLIAM SANTOS DE ANDRADE;WILLIAM BARBEIRO;#NULO#;PSD;20000.0;MASCULINO;ENSINO MÃµDIO COMPLETO;PARDA;CABELEIREIRO E BARBEIRO
250002138889;DIOGO DANIEL RUARO;DIOGO DANIEL RUARO;#NULO#;AVANTE;589000.0;MASCULINO;SUPERIOR COMPLETO;NÃµO INFORMADO;REPRESENTANTE COMERCIAL
250002138891;FRANCIELE CRISTINA FONTES CARVALHO;FRAN FONTES PROTETORA;#NULO#;AVANTE;14500.0;FEMININO;SUPERIOR COMPLETO;NÃµO INFORMADO;CONTADOR
250002138888;ANDREIA OLIMPIA VITAL CRISTANTE;ANDREIA NEUROIDEIA;#NULO#;AVANTE;380000.0;FEMININO;SUPERIOR COMPLETO;NÃµO INFORMADO;TERAPEUTA
250002139312;JANDILSON LUIS DA SILVA;PRIMO DA LOJINHA;#NULO#;MDB;305000.0;MASCULINO;ENSINO MÃµDIO COMPLETO;NÃµO INFORMADO;COMERCIANTE
250002130885;JOSÃµ RUFINO RODRIGUES FILHO;JOTA RUFINO;#NULO#;PSB;194789.77000000002;MASCULINO;ENSINO MÃµDIO COMPLETO;BRANCA;APOSENTADO (EXCETO SERVIDOR PÃµBLICO)
250002130050;FABRICIO AMARO ANDRADE;FABRICIO AMARO;#NULO#;PL;1219519.1099999999;MASCULINO;SUPERIOR COMPLETO;BRANCA;ARQUITETO
250002130881;SONIA APARECIDA DUARTE REZENDE;SONIA CUIDADORA;#NULO#;PSB;1200.0;FEMININO;ENSINO FUNDAMENTAL INCOMPLETO;PRETA;APOSENTADO (EXCETO SERVIDOR PÃµBLICO)
250002130385;MARCIO LUIS GUERRA;MARCIO GUERRA;#NULO#;PL;559000.0;MASCULINO;SUPERIOR COMPLETO;BRANCA;EMPRESÃµRIO
250002385310;NELSON DA SILVA RODRIGUES;NELSINHO DO SINDICATO;#NULO#;SOLIDARIEDADE;7784.860000000001;MASCULINO;ENSINO MÃµDIO COMPLETO;PRETA;OPERADOR DE APARELHOS DE PRODUÃ§ÃµO INDUSTRIAL
250001931707;ANTÃµNIO PAULO ELIAS DA SILVA;DR TONINHO SILVA;#NULO#;REPUBLICANOS;113000.0;MASCULINO;SUPERIOR COMPLETO;PRETA;ADVOGADO
250001931867;ALEX ARAUJO DOS SANTOS;ALEX ARAUJO;#NULO#;PP;0.0;MASCULINO;ENSINO MÃµDIO COMPLETO;PARDA;OUTROS
250001932171;JOELMIR PEREIRA CAMARGO;PROFESSOR UCA;#NULO#;CIDADANIA;36586.9;MASCULINO;SUPERIOR COMPLETO;BRANCA;PROFESSOR DE ENSINO FUNDAMENTAL
250001931693;MARÃµLIA DE FÃµTIMA CAMARGO;MARÃµLIA CAMARGO;#NULO#;PODE;0.0;FEMININO;ENSINO MÃµDIO COMPLETO;BRANCA;OUTROS
250001931711;ADONIAS VIANA DE BRITO;QUERIDÃµO REI DA CALHA;#NULO#;REPUBLICANOS;150000.0;MASCULINO;ENSINO FUNDAMENTAL INCOMPLETO;PARDA;ENCANADOR,SOLDADOR,CHAPEADOR,CALDEIREIRO,MONTADOR DE ESTRUTURA METÃµLIC
250001931697;LUCAS MATEOS PEREIRA;LUCAS MATEOS;#NULO#;PODE;95010.0;MASCULINO;ENSINO MÃµDIO COMPLETO;PARDA;VEREADOR
250001931374;LUCAS PENTEADO;PENTEADO;#NULO#;UNIÃµO;0.0;MASCULINO;ENSINO MÃµDIO COMPLETO;BRANCA;ADMINISTRADOR
250001931322;LUÃµS ALBERTO CANAVEZZI;LUIS CANAVEZZI;#NULO#;PRD;0.0;MASCULINO;ENSINO FUNDAMENTAL COMPLETO;PARDA;CABELEIREIRO E BARBEIRO
250001931658;MARCOS ADÃµO DE ALMEIDA;ADÃµO;#NULO#;SOLIDARIEDADE;7795.07;MASCULINO;SUPERIOR COMPLETO;PRETA;SERVIDOR PÃµBLICO MUNICIPAL
250001931716;SIDNEI BOM;NEI BOM;#NULO#;REPUBLICANOS;432040.5;MASCULINO;SUPERIOR COMPLETO;BRANCA;OUTROS
250002130387;CRISTIANE ALVES BESERRA DA CONCEIÃ§ÃµO;CRIS DO MILHO;#NULO#;PL;0.0;FEMININO;ENSINO MÃµDIO COMPLETO;PRETA;EMPRESÃµRIO
250002139308;EVELYN LUCINEIA OLIVEIRA;EVELYN FIT BRASIL;#NULO#;MDB;0.0;FEMININO;SUPERIOR COMPLETO;NÃµO INFORMADO;EMPRESÃµRIO
250002130386;SERGIO ROBERTO MARCON;SERGIO MARCON;#NULO#;PL;0.0;MASCULINO;ENSINO FUNDAMENTAL INCOMPLETO;BRANCA;OUTROS
250002130875;MIQUÃµIA MARTINS PAULINO;MIQUÃµIA;#NULO#;PSB;0.0;FEMININO;ENSINO FUNDAMENTAL INCOMPLETO;PRETA;OUTROS
250001931699;MARTA APARECIDA FERREIRA;MARTINHA FERREIRA;#NULO#;PODE;0.0;FEMININO;SUPERIOR COMPLETO;BRANCA;VENDEDOR DE COMÃµRCIO VAREJISTA E ATACADISTA
250001931663;EVELI EDILENO VAZ COLTRE;EVELI COLTRE;#NULO#;SOLIDARIEDADE;280000.0;MASCULINO;ENSINO FUNDAMENTAL COMPLETO;BRANCA;OUTROS
250001931324;BENEDITO CARLOS MORENO;DITO MORENO;#NULO#;PRD;161912.18;MASCULINO;ENSINO MÃµDIO COMPLETO;BRANCA;MOTORISTA DE VEÃµCULOS DE TRANSPORTE COLETIVO DE PASSAGEIROS
250001931698;FABIOLA RIZZETTO SARTORELLI;FABÃµOLA;#NULO#;PODE;484992.24;FEMININO;ENSINO MÃµDIO COMPLETO;BRANCA;TERAPEUTA
250001931769;OSVALDO GONÃµALVES DE AGUIAR JÃµNIOR;PARCEIROS PIPAS;#NULO#;PSD;0.0;MASCULINO;ENSINO MÃµDIO COMPLETO;BRANCA;EMPRESÃµRIO
250001931668;ISRAEL MENDES DA SILVA;PROFESSOR ISRAEL MENDES;#NULO#;SOLIDARIEDADE;1000000.0;MASCULINO;SUPERIOR COMPLETO;PRETA;ADMINISTRADOR
250001931703;TIAGO FERNANDO GHIZZI DE CAMPOS SILVA;TIAGO GHIZZI;#NULO#;PODE;0.0;MASCULINO;ENSINO MÃµDIO COMPLETO;BRANCA;COMERCIANTE
250001931318;FÃµBIO MARTINS;FÃµBIO MARTINS;#NULO#;PRD;30000.0;MASCULINO;ENSINO MÃµDIO COMPLETO;BRANCA;AGRICULTOR
250001931325;MARLENE APARECIDA VENÃµNCIO PEREIRA;MARLENE VENÃµNCIO;#NULO#;PRD;18000.0;FEMININO;SUPERIOR COMPLETO;PARDA;SERVIDOR PÃµBLICO MUNICIPAL
250001931665;ANA PAULA MARTIN FERREIRA;ANA DO SOCIAL;#NULO#;SOLIDARIEDADE;276000.0;FEMININO;ENSINO MÃµDIO COMPLETO;BRANCA;AUXILIAR DE ESCRITÃµRIO E ASSEMELHADOS
250001931860;HERNANDO MAURO DIOGENES DE AQUINO;DR HERNANDO;#NULO#;PP;3897100.0;MASCULINO;SUPERIOR COMPLETO;BRANCA;MÃµDICO
250001931379;SILVANA ANTUNES;SILVANA DO BAR DO PELADO;#NULO#;UNIÃµO;0.0;FEMININO;ENSINO FUNDAMENTAL INCOMPLETO;BRANCA;ADMINISTRADOR
250001931574;JAQUELINE CRISTINA ANTUNES FOGAÃµA;JAQUELINE;#NULO#;CIDADANIA;89000.0;FEMININO;ENSINO MÃµDIO COMPLETO;BRANCA;MOTORISTA DE VEÃµCULOS DE TRANSPORTE COLETIVO DE PASSAGEIROS
250001931323;THIAGO MOREIRA DE CAMARGO;THIAGO DO DECIO;#NULO#;PRD;483961.7;MASCULINO;SUPERIOR COMPLETO;BRANCA;SERVIDOR PÃµBLICO MUNICIPAL
250001931764;ISABELLE CRISTINA CORREA BARRETO;ISABELLE VERCELLINO;#NULO#;PSD;330583.29000000004;FEMININO;SUPERIOR COMPLETO;BRANCA;AGENTE ADMINISTRATIVO
250001931759;ANTONIO JORGE PEREIRA NETO;NETO FRIOS;#NULO#;PSD;127057.53;MASCULINO;ENSINO MÃµDIO COMPLETO;BRANCA;EMPRESÃµRIO
250001931859;TERESA APARECIDA CARDOSO ANGELI;TERESA CARDOSO;#NULO#;PP;64955.57;FEMININO;ENSINO MÃµDIO COMPLETO;BRANCA;ATENDENTE DE LANCHONETE E RESTAURANTE
250001931369;JONATAS AUGUSTO DE SOUZA ALVES RIBEIRO;JONATAS FILHO PASTORA SANDRA;#NULO#;UNIÃµO;0.0;MASCULINO;ENSINO MÃµDIO COMPLETO;PRETA;EMPRESÃµRIO
250002138884;JOSEZITO PEDRO DE ALCÃµNTARA;JOSEZITO ALEMÃµO;#NULO#;AVANTE;169596.13;MASCULINO;ENSINO MÃµDIO INCOMPLETO;NÃµO INFORMADO;APOSENTADO (EXCETO SERVIDOR PÃµBLICO)
250001931659;ALCIDES DE LIMA JUNIOR;ALCIDES JUNIOR;#NULO#;SOLIDARIEDADE;10412.62;MASCULINO;ENSINO MÃµDIO COMPLETO;BRANCA;OUTROS
250002139316;JANAILTON GONÃµALVES DOS SANTOS;PROFESSOR JAJÃµ;#NULO#;MDB;34000.0;MASCULINO;SUPERIOR COMPLETO;NÃµO INFORMADO;PROFESSOR DE ENSINO MÃµDIO
250002139321;VANILDA RIBEIRO DOS SANTOS CARRIEL;VANILDA CARRIEL;#NULO#;MDB;215300.0;FEMININO;ENSINO MÃµDIO COMPLETO;NÃµO INFORMADO;FAXINEIRO
250002139320;DANILO RODRIGUES DE ALMEIDA;DANILO DA MAJESTADE;#NULO#;MDB;231500.0;MASCULINO;ENSINO MÃµDIO COMPLETO;NÃµO INFORMADO;EMPRESÃµRIO
250002139314;FERNANDO DE ARAUJO;FERNANDO ARAUJO;#NULO#;MDB;0.0;MASCULINO;SUPERIOR COMPLETO;NÃµO INFORMADO;SACERDOTE OU MEMBRO DE ORDEM OU SEITA RELIGIOSA
250002130873;ANDERSON MOURA DE SOUZA;ANDERSON TITICO;#NULO#;PSB;0.0;MASCULINO;ENSINO FUNDAMENTAL COMPLETO;PARDA;TRABALHADOR DE CONSTRUÃ§ÃµO CIVIL
250002130876;JOSE CLEITON LIMA SANTOS;GURI;#NULO#;PSB;0.0;MASCULINO;ENSINO MÃµDIO COMPLETO;PARDA;OUTROS
250002130382;MARIA ROSANA DA SILVA FAUSTINO;ROSANA SÃµNDICA;#NULO#;PL;110253.0;FEMININO;SUPERIOR INCOMPLETO;PARDA;CORRETOR DE IMÃµVEIS, SEGUROS, TÃµTULOS E VALORES
250002130884;GISLEINE DE PAULA GOMES BATISTA;ÃµNDIA;#NULO#;PSB;0.0;FEMININO;ENSINO MÃµDIO COMPLETO;PARDA;DONA DE CASA
250001931694;RAFAEL ALVES CORREA;RAFAEL BRUXA;#NULO#;PODE;68118.22;MASCULINO;ENSINO MÃµDIO COMPLETO;BRANCA;VEREADOR
250001931578;IRACEMA MOURA DE JESUS;IRACEMA MOURA;#NULO#;CIDADANIA;29500.0;FEMININO;ENSINO MÃµDIO COMPLETO;PARDA;AUXILIAR DE ESCRITÃµRIO E ASSEMELHADOS
250001931326;IVANETE ARAÃµJO GARCIA BELIZARIO;IVANETE BELIZARIO DA SAÃµDE;#NULO#;PRD;208411.57;FEMININO;SUPERIOR COMPLETO;PARDA;ENFERMEIRO
250001931655;JOSÃµ CARLOS DE ARAUJO SILVA;ZÃµ CARLOS;#NULO#;SOLIDARIEDADE;130030.61;MASCULINO;ENSINO FUNDAMENTAL INCOMPLETO;PARDA;APOSENTADO (EXCETO SERVIDOR PÃµBLICO)
250001931715;FLÃµVIO NUNES DE LIMA;FLÃµVIO DO POSTO;#NULO#;REPUBLICANOS;25193.25;MASCULINO;ENSINO MÃµDIO COMPLETO;BRANCA;FRENTISTA
250001931714;PEDRO FERNANDES DE SOUZA;PEDRINHO MECANICO;#NULO#;REPUBLICANOS;0.0;MASCULINO;ENSINO MÃµDIO INCOMPLETO;BRANCA;OUTROS
250001931656;MARCOS PAULO ANTUNES;MARQUINHO ANTUNES;#NULO#;SOLIDARIEDADE;0.0;MASCULINO;ENSINO MÃµDIO COMPLETO;BRANCA;SERVIDOR PÃµBLICO MUNICIPAL
250001931864;CLAUDINEI FERREIRA SOARES;SARGENTO CLAUDINEI;#NULO#;PP;79810.0;MASCULINO;SUPERIOR COMPLETO;PARDA;MILITAR REFORMADO
250001931710;GERSON BERNARDO DE LIMA;NENE PINTURAS;#NULO#;REPUBLICANOS;424000.0;MASCULINO;ENSINO MÃµDIO COMPLETO;PARDA;ADMINISTRADOR
250001931869;EDVIRGES APARECIDA DE CARVALHO MALLIO;EDI DA PARIS;#NULO#;PP;29288.0;FEMININO;SUPERIOR COMPLETO;BRANCA;EMPRESÃµRIO
250001931575;JOSÃµ ADALBERTO DA SILVA;DAL;#NULO#;CIDADANIA;60700.0;MASCULINO;SUPERIOR COMPLETO;PARDA;EMPRESÃµRIO
250001931700;PAULO SERGIO SANTOS DA SILVA;PAULO DA INFORMATICA;#NULO#;PODE;368000.0;MASCULINO;ENSINO MÃµDIO COMPLETO;PARDA;TÃµCNICO EM INFORMÃµTICA
250001931765;KATIA CRISTINA CHAGAS VASTA;KATIA CHAGAS;#NULO#;PSD;8326.8;FEMININO;SUPERIOR COMPLETO;BRANCA;CONTADOR
250001931580;NELSON MACIEL DE GOES;NELSON DA FARMÃµCIA;#NULO#;CIDADANIA;93599.32;MASCULINO;SUPERIOR INCOMPLETO;BRANCA;SERVIDOR PÃµBLICO MUNICIPAL
250001931576;IRAN FRANCISCO BISPO;IRAN BISPO PROTETOR DE ANIMAIS;#NULO#;CIDADANIA;39000.0;MASCULINO;ENSINO MÃµDIO COMPLETO;BRANCA;PEDAGOGO
250002139313;ERIK SCAGLIONE;ERIK SCAGLIONE;#NULO#;MDB;36723.0;MASCULINO;SUPERIOR COMPLETO;BRANCA;ADVOGADO
250002139318;CLAUDIO ALBERTO FERNANDES;KAKÃµ DESTÃµFANI;#NULO#;MDB;1465000.0;MASCULINO;SUPERIOR COMPLETO;BRANCA;EMPRESÃµRIO
250002140567;CLAUDIA ROGERIO DE SOUZA;PROFESSORA CLAUDIA;#NULO#;MDB;10000.0;FEMININO;SUPERIOR COMPLETO;PRETA;SERVIDOR PÃµBLICO MUNICIPAL
250002130384;PRISCILA DE PAULA;PASTORA PRISCILA;#NULO#;PL;7487.0;FEMININO;SUPERIOR COMPLETO;BRANCA;PROFESSOR DE ENSINO FUNDAMENTAL
250002139310;ANDREO ASSIS BINI DOS SANTOS;DÃµO DA BARBEARIA;#NULO#;MDB;30000.0;MASCULINO;ENSINO FUNDAMENTAL COMPLETO;NÃµO INFORMADO;EMPRESÃµRIO
250002130379;ALEXANDRE CARVALHO REGGIANI;ALEXANDRE;#NULO#;PL;5490000.0;MASCULINO;SUPERIOR INCOMPLETO;BRANCA;OUTROS
250002130879;JOÃµO BATISTA DE SOUZA;CHIMBINHA;#NULO#;PSB;0.0;MASCULINO;ENSINO FUNDAMENTAL INCOMPLETO;BRANCA;COMERCIANTE
250002130051;SERGIO ROBERTO DE LIMA E SILVA FILHO;SERGIO LIMA E SILVA;#NULO#;PL;1748019.9;MASCULINO;SUPERIOR COMPLETO;BRANCA;EMPRESÃµRIO
250002130375;ENILTON FERREIRA SOARES;ENILTON SEGURANÃµA;#NULO#;PL;340000.0;MASCULINO;ENSINO MÃµDIO COMPLETO;PRETA;COMERCIANTE
250002130376;MATEUS NASCIMENTO MACHADO;MATEUS MACHADO;#NULO#;PL;150000.0;MASCULINO;SUPERIOR COMPLETO;PRETA;VENDEDOR DE COMÃµRCIO VAREJISTA E ATACADISTA
250001931572;LEVI PEREIRA CAMARGO JUNIOR;PROFESSOR LEVI;#NULO#;CIDADANIA;121418.21;MASCULINO;SUPERIOR COMPLETO;PARDA;PROFESSOR DE ENSINO MÃµDIO
250001931577;DIOGO DE MATOS;DIOGO DA PANICO;#NULO#;CIDADANIA;161000.0;MASCULINO;ENSINO MÃµDIO COMPLETO;BRANCA;EMPRESÃµRIO
250001931768;SERGIO POMPEU DA SILVA;O POMPEU;#NULO#;PSD;191500.0;MASCULINO;ENSINO FUNDAMENTAL INCOMPLETO;PARDA;EMPRESÃµRIO
250001931762;FABIOLA NICOLOSI;FABIOLA NICOLOSI;#NULO#;PSD;0.0;FEMININO;ENSINO MÃµDIO COMPLETO;BRANCA;ADMINISTRADOR
250001931709;VALDIR LUIZ PROVASI;NICO PROVASI;#NULO#;REPUBLICANOS;1056219.59;MASCULINO;ENSINO FUNDAMENTAL INCOMPLETO;BRANCA;EMPRESÃµRIO
250001931866;JOSÃµ APARECIDO VITACA DE ANDRADE;CABRITO VITACA;#NULO#;PP;0.0;MASCULINO;ENSINO FUNDAMENTAL COMPLETO;PARDA;MOTORISTA PARTICULAR
250001931661;RODRIGO CALZZETTA FREIRE;RODRIGO CALZZETTA;#NULO#;SOLIDARIEDADE;71605.5;MASCULINO;SUPERIOR COMPLETO;BRANCA;JORNALISTA E REDATOR
250001931571;DAMIAO DO AMARAL;DAMIAO DA ÃµGUA BRANCA;#NULO#;CIDADANIA;0.0;MASCULINO;SUPERIOR INCOMPLETO;PARDA;TÃµCNICO EM INFORMÃµTICA
250001931378;WILIAN DE OLIVEIRA TAVARES;GAUCHO DO ESPETINHO;#NULO#;UNIÃµO;0.0;MASCULINO;ENSINO MÃµDIO COMPLETO;BRANCA;COMERCIANTE
250001931380;JACSON GOMES DOS SANTOS;JACSON GOMES;#NULO#;UNIÃµO;24000.0;MASCULINO;SUPERIOR COMPLETO;PARDA;ADVOGADO
250001931377;ÃµRCIO PINTO;ÃµRCIO DA SAÃµDE;#NULO#;UNIÃµO;32800.0;MASCULINO;ENSINO FUNDAMENTAL INCOMPLETO;BRANCA;MOTORISTA DE VEÃµCULOS DE TRANSPORTE COLETIVO DE PASSAGEIROS
250001931581;VANILDO DE BARROS;DODO DO BAR;#NULO#;CIDADANIA;447221.5;MASCULINO;ENSINO MÃµDIO COMPLETO;PARDA;COMERCIANTE
250001931375;NOEMIA GENARO NUNES DE SOUZA;NOEMIA;#NULO#;UNIÃµO;166530.0;FEMININO;SUPERIOR COMPLETO;BRANCA;PROFESSOR DE ENSINO FUNDAMENTAL
250001931376;PRISCILA CRISTINA DE LIMA;PRISCILA DO LELO;#NULO#;UNIÃµO;0.0;FEMININO;ENSINO MÃµDIO COMPLETO;BRANCA;AUXILIAR DE ESCRITÃµRIO E ASSEMELHADOS
250001931696;KARLA PATRICIA DE SOUZA CARVALHO;TIA KARLA DA VAN;#NULO#;PODE;60000.0;FEMININO;SUPERIOR COMPLETO;BRANCA;OUTROS
250001931861;SERGIO ANTONIO DA SILVA;SERJAO ABUTRES;#NULO#;PP;68000.0;MASCULINO;ENSINO MÃµDIO COMPLETO;BRANCA;EMPRESÃµRIO
250001931570;CELSO SCOMPARIM;CELSO SCOMPARIM;#NULO#;CIDADANIA;66091.0;MASCULINO;ENSINO FUNDAMENTAL COMPLETO;BRANCA;OPERADOR DE APARELHOS DE PRODUÃ§ÃµO INDUSTRIAL
250001931865;INES APARECIDA DA SILVA CARUSO;INES CARUSO;#NULO#;PP;0.0;FEMININO;ENSINO MÃµDIO COMPLETO;BRANCA;AUXILIAR DE ESCRITÃµRIO E ASSEMELHADOS
250001931718;EDVANEIDE LOPES NASCIMENTO;DRA NEYDE NASCIMENTO;#NULO#;REPUBLICANOS;6353.0;FEMININO;SUPERIOR COMPLETO;PARDA;ADVOGADO
250002140568;TIAGO DE CASTRO SOUZA;TIAGO DA FLEX;#NULO#;MDB;240000.0;MASCULINO;SUPERIOR COMPLETO;NÃµO INFORMADO;EMPRESÃµRIO
250002138890;EDSON DE ALMEIDA MOREIRA;EDSON PERU;#NULO#;AVANTE;0.0;MASCULINO;ENSINO FUNDAMENTAL COMPLETO;NÃµO INFORMADO;MECÃµNICO DE MANUTENÃ§ÃµO
250002139319;TAIS DA SILVA MELLO;TAIS DA MICROLINS;#NULO#;MDB;30000.0;FEMININO;ENSINO MÃµDIO COMPLETO;NÃµO INFORMADO;EMPRESÃµRIO
250002130880;JUVERSI DOS SANTOS SILVA;PRETO TCHUTCHA;#NULO#;PSB;18500.0;MASCULINO;ENSINO FUNDAMENTAL INCOMPLETO;PRETA;TRABALHADOR DE CONSTRUÃ§ÃµO CIVIL
250002130878;REGINALDO APARECIDO GUILHERME;REGINALDO MOTORISTA;#NULO#;PSB;3500.0;MASCULINO;ENSINO FUNDAMENTAL COMPLETO;BRANCA;MOTORISTA DE VEÃµCULOS DE TRANSPORTE COLETIVO DE PASSAGEIROS
